-- phpMyAdmin SQL Dump
-- version 5.2.0
-- https://www.phpmyadmin.net/
--
-- Host: 127.0.0.1:3306
-- Generation Time: Nov 08, 2023 at 10:37 AM
-- Server version: 8.0.30
-- PHP Version: 7.2.34

SET SQL_MODE = "NO_AUTO_VALUE_ON_ZERO";
START TRANSACTION;
SET time_zone = "+00:00";


/*!40101 SET @OLD_CHARACTER_SET_CLIENT=@@CHARACTER_SET_CLIENT */;
/*!40101 SET @OLD_CHARACTER_SET_RESULTS=@@CHARACTER_SET_RESULTS */;
/*!40101 SET @OLD_COLLATION_CONNECTION=@@COLLATION_CONNECTION */;
/*!40101 SET NAMES utf8mb4 */;

--
-- Database: `editori_west`
--

-- --------------------------------------------------------

--
-- Table structure for table `addedusers`
--

CREATE TABLE `addedusers` (
  `project_id` int NOT NULL,
  `username` varchar(255) CHARACTER SET utf8mb4 COLLATE utf8mb4_general_ci NOT NULL,
  `added_by` varchar(255) CHARACTER SET utf8mb4 COLLATE utf8mb4_general_ci NOT NULL
) ENGINE=InnoDB DEFAULT CHARSET=utf8mb4 COLLATE=utf8mb4_general_ci;

--
-- Dumping data for table `addedusers`
--

INSERT INTO `addedusers` (`project_id`, `username`, `added_by`) VALUES
(0, 'username', 'added_by'),
(8, 'duunari', 'Marko'),
(11, 'Jyri', ''),
(18, 'Jyri G', 'Jyri'),
(25, 'ark', 'Jyri'),
(25, 'ilmastointi', 'Jyri'),
(25, 'ivs', 'Jyri'),
(25, 'keittio', 'Jyri'),
(25, 'limu', 'Jyri'),
(25, 'lukkomies', 'Jyri'),
(25, 'myynti', 'Jyri'),
(25, 'pu', 'Jyri'),
(25, 'purku', 'Jyri'),
(25, 'putki_iv', 'Jyri'),
(25, 'rak', 'Jyri'),
(25, 'rakennustyo', 'Jyri'),
(25, 'rakennustyo2', 'Jyri'),
(25, 'rakennustyo3', 'Jyri'),
(25, 'sahko', 'Jyri'),
(25, 'sahkos', 'Jyri'),
(25, 'siivous', 'Jyri'),
(25, 'suunnittelu', 'Jyri'),
(25, 'vesi', 'Jyri'),
(25, 'vesis', 'Jyri'),
(25, 'wf', 'Jyri'),
(26, 'duunari', 'Jyri'),
(26, 'ilmastointi', 'Jyri'),
(26, 'keittio', 'Jyri'),
(26, 'lukkomies', 'Jyri'),
(26, 'putki_iv', 'Jyri'),
(26, 'rakennustyo', 'Jyri'),
(26, 'sahko', 'Jyri'),
(26, 'siivous', 'Jyri'),
(26, 'suunnittelu', 'Jyri'),
(27, 'duunari', 'Jyri'),
(27, 'ilmastointi', 'Jyri'),
(27, 'keittio', 'Jyri'),
(27, 'lukkomies', 'Jyri'),
(27, 'putki_iv', 'Jyri'),
(27, 'rakennustyo', 'Jyri'),
(27, 'sahko', 'Jyri'),
(27, 'siivous', 'Jyri'),
(27, 'suunnittelu', 'Jyri'),
(29, 'jyri', ''),
(29, 'tyonjohto', ''),
(30, ' Asentaja 1', 'tyonjohto'),
(30, ' asentaja2', 'tyonjohto'),
(30, ' testi', 'tyonjohto'),
(30, 'asentaja1', 'tyonjohto'),
(30, 'asentaja2', 'tyonjohto'),
(30, 'Denis Khasanov', ''),
(30, 'Henri Luostarinen', ''),
(30, 'Jari Rannanjarvi', ''),
(30, 'Jarno Himmela', ''),
(30, 'marko', ''),
(30, 'Marko Virtanen', ''),
(30, 'rakennustyo1', 'tyonjohto'),
(30, 'rakennustyo2', 'tyonjohto'),
(30, 'Sampsa Jyrkynen', ''),
(30, 'Severi Lainevuo', 'tyonjohto'),
(30, 'Timo Koskinen', 'tyonjohto'),
(31, 'Jyri IT-velho', ''),
(31, 'Jyri Testaus', ''),
(32, 'Jyri IT-velho', 'Jyri IT-velho'),
(32, 'Marko Virtanen', 'Jyri IT-velho'),
(33, 'Jyri IT-velho', 'Jyri IT-velho'),
(33, 'Marko Virtanen', 'Jyri IT-velho'),
(34, 'Jyri IT-velho', 'Jyri IT-velho'),
(34, 'Marko Virtanen', 'Jyri IT-velho'),
(35, 'Jyri IT-velho', 'Jyri IT-velho'),
(35, 'Marko Virtanen', 'Jyri IT-velho'),
(36, 'Jyri IT-velho', 'Jyri IT-velho'),
(36, 'Marko Virtanen', 'Jyri IT-velho'),
(42, 'Jyri IT-velho', ''),
(42, 'Jyri Testaus', ''),
(43, 'Jyri IT-velho', ''),
(43, 'Jyri Testaus', ''),
(44, 'Jyri IT-velho', ''),
(44, 'Jyri Testaus', ''),
(45, 'Jyri IT-velho', ''),
(45, 'Jyri Testaus', ''),
(46, 'Jyri IT-velho', ''),
(46, 'Jyri Testaus', ''),
(47, 'Jyri IT-velho', ''),
(47, 'Jyri Testaus', ''),
(48, 'Jyri IT-velho', ''),
(48, 'Jyri Testaus', ''),
(49, 'Jyri IT-velho', ''),
(49, 'Jyri Testaus', ''),
(50, 'Jyri IT-velho', ''),
(50, 'Jyri Testaus', ''),
(51, 'Jyri IT-velho', ''),
(51, 'Jyri Testaus', '');

-- --------------------------------------------------------

--
-- Table structure for table `changed__comments_interactive`
--

CREATE TABLE `changed__comments_interactive` (
  `commentid` varchar(244) NOT NULL,
  `projectid` varchar(255) NOT NULL,
  `room` varchar(50) NOT NULL,
  `name` varchar(255) NOT NULL,
  `x_y` int NOT NULL DEFAULT '0',
  `content` varchar(2000) NOT NULL,
  `attachments` varchar(3000) NOT NULL,
  `comment_from` varchar(255) NOT NULL,
  `comment_to` varchar(255) NOT NULL,
  `urgency` varchar(255) NOT NULL,
  `creation_time` varchar(255) NOT NULL,
  `ending_time` varchar(255) NOT NULL,
  `aihe` varchar(255) NOT NULL,
  `deadline` varchar(255) NOT NULL,
  `answer_to` varchar(255) NOT NULL,
  `time_estimate` int NOT NULL DEFAULT '1',
  `status` varchar(255) CHARACTER SET utf8mb4 COLLATE utf8mb4_0900_ai_ci NOT NULL DEFAULT 'aloittamatta',
  `tja` varchar(255) CHARACTER SET utf8mb4 COLLATE utf8mb4_0900_ai_ci NOT NULL DEFAULT '',
  `tta` varchar(255) CHARACTER SET utf8mb4 COLLATE utf8mb4_0900_ai_ci NOT NULL DEFAULT '',
  `h_remaining` int NOT NULL,
  `pvm_remaining` varchar(255) NOT NULL,
  `readiness` varchar(255) NOT NULL,
  `myyja_lupaus` varchar(255) NOT NULL
) ENGINE=InnoDB DEFAULT CHARSET=utf8mb4 COLLATE=utf8mb4_0900_ai_ci;

--
-- Dumping data for table `changed__comments_interactive`
--

INSERT INTO `changed__comments_interactive` (`commentid`, `projectid`, `room`, `name`, `x_y`, `content`, `attachments`, `comment_from`, `comment_to`, `urgency`, `creation_time`, `ending_time`, `aihe`, `deadline`, `answer_to`, `time_estimate`, `status`, `tja`, `tta`, `h_remaining`, `pvm_remaining`, `readiness`, `myyja_lupaus`) VALUES
('com09b6e0f87d532', 'Palsbo L11', 'L11A107C <br> Pukuhuo <br> Miehet>a', 'Tuolit pukuhuoneeseen', 48, '', '', '', 'Denis Khasanov', 'no_critical', '', '', '', '2023-12-31', '', 16, '', '', '', 16, '', '', ''),
('com16152443befcd', 'Palsbo L11', 'L11B310B <br> WC <br> Yleinen>a', 'Wc kansi', 48, '', '', '', 'Denis Khasanov', 'no_critical', '', '', '', '2023-11-30', '', 2, '', '', '', 2, '', '', ''),
('com2c7af1e1269fe', 'Palsbo L11', 'L11A305 <br> TSTOtie <br> Tyhjä>a', 'Oven kiinnitys', 45, '', '', '', '', 'no_critical', '', '', '', '2023-11-30', '', 2, '', '', '', 2, '', '', ''),
('com332aedebec53b', 'Palsbo L11', 'L11A100A <br> Porras <br> Yleinen>a', 'Terasrakenteiden maalaus', 46, '', '', '', 'Denis Khasanov', 'no_critical', '', '', '', '2023-11-30', '', 4, '', '', '', 4, '', '', ''),
('com36699b472afb4', 'Palsbo L11', 'L11A203A <br> WC <br> Yleinen>a', 'Maalaus seinassa', 48, '', '', '', 'Rakennustyo2', 'no_critical', '', '', '', '2023-12-31', '', 4, '', '', '', 4, '', '', ''),
('com4a0f38cb4099d', 'Palsbo L11', 'L11A309 <br> Käytävä <br> Yleinen>a', 'Levyt kaytavan levyt', 45, '', '', '', '', 'no_critical', '', '', '', '2023-12-31', '', 16, '', '', '', 16, '', '', ''),
('com5cc9035be05a', 'Palsbo L11', 'L11B218 <br> TekniTila <br> Asunto>a', 'Sahkot auki keittion oven vieressa', 45, '', '', '', '', 'no_critical', '', '', '', '', '', 1, '', '', '', 1, '', '', ''),
('com5d0ac36caa6f6', 'Palsbo L11', 'L11A107B <br> Pukuhuo <br> Naiset>a', 'Suihkukaappi', 46, '', '', '', 'Denis Khasanov', 'no_critical', '', '', '', '2023-12-31', '', 8, '', '', '', 8, '', '', ''),
('com653806c288e9c', 'Palsbo L11', 'L11A203AWCYleinen>a', 'TESTAYS', 48, '', '', '', 'Severi Lainevuo|Timo Koskinen', 'no_critical', '', '', '', '2023-12-01', '', 1, '', '', '', 1, '', '', ''),
('com67cea2f0346c4', 'Palsbo L11', 'L11B310B <br> WC <br> Yleinen>a', 'Valot', 45, '', '', '', 'Denis Khasanov', 'no_critical', '', '', '', '2023-11-30', '', 2, '', '', '', 2, '', '', ''),
('com6ff06ee84ea96', 'Palsbo L11', 'L11A100A <br> Porras <br> Yleinen>a', 'Ulos ikkunoiden valkoinen ulkokulma', 46, '', '', '', 'Henri Luostarinen', 'no_critical', '', '', '', '2023-11-30', '', 8, '', '2023-11-13', '2023-11-13', 8, '', '', ''),
('com74e0e142e57f1', 'Palsbo L11', 'L11A101B <br> Keittio <br> Finstar>a', 'Tarkastettava etta toimii ja on valmis', 46, '', '', '', 'Denis Khasanov', 'no_critical', '', '', '', '2023-11-30', '', 1, '', '', '', 1, '', '', ''),
('com7872d2bf9ced9', 'Palsbo L11', 'L11A100A <br> Porras <br> Yleinen>a', 'Kyltit oviin', 46, '', '', '', 'Denis Khasanov', 'no_critical', '', '', '', '2023-12-31', '', 2, '', '', '', 2, '', '', ''),
('com7bcedcab056a7', 'Palsbo L11', 'L11A100A <br> Porras <br> Yleinen>a', 'Ovipumput kaikkialle', 46, '', '', '', 'Asentaja1|Asentaja2', 'no_critical', '', '', '', '2023-11-30', '', 8, '', '', '', 8, '', '', ''),
('com7f2bbe689205', 'Palsbo L11', 'L11A100A <br> Porras <br> Yleinen>a', 'Vaahtosammuttimet 12 kpl', 46, '', '', '', 'Asentaja1|Asentaja2', 'no_critical', '', '', '', '2023-12-31', '', 8, '', '2023-11-13', '2023-11-13', 8, '', '', ''),
('com8056f13a278f1', 'Palsbo L11', 'L11A100A <br> Porras <br> Yleinen>a', 'Kynnyslistat kaikkialle', 45, '', '', '', 'Henri Luostarinen', 'no_critical', '', '', '', '2023-11-30', '', 8, '', '', '', 8, '', '', ''),
('com8a282e7877e14', 'Palsbo L11', 'L11A305 <br> TSTOtie <br> Tyhjä>a', 'Katosta roikkuu johto', 45, '', '', '', '', 'no_critical', '', '', '', '2023-12-31', '', 1, '', '', '', 1, '', '', ''),
('comccff360fca951', 'Palsbo L11', 'L11A100A <br> Porras <br> Yleinen>a', 'Kuramatot kaytavaan 4 kpl', 45, '', '', '', 'Denis Khasanov', 'no_critical', '', '', '', '2023-12-31', '', 0, '', '', '', 0, '', '', ''),
('comd0a1a59068e2c', 'Palsbo L11', 'L11A100A <br> Porras <br> Yleinen>a', 'Palopostit kuntoon', 46, '', '', '', 'Asentaja1|Asentaja2', 'no_critical', '', '', '', '2023-12-31', '', 16, '', '', '', 16, '', '', ''),
('comd3f17b142a1f8', 'Palsbo L11', 'L11B218 <br> TekniTila <br> Asunto>a', 'Paloovet', 45, '', '', '', '', 'no_critical', '', '', '', '2023-12-31', '', 0, '', '', '', 0, '', '', ''),
('comd72df18b2f385', 'Palsbo L11', 'L11B308 <br> TSTO <br> Gromi>a', 'Venttiilit', 45, '', '', '', 'jarno himmela', 'no_critical', '', '', '', '2023-12-31', '', 2, '', '', '', 2, '', '', ''),
('come96aa9b028a7e', 'Palsbo L11', 'L11B308 <br> TSTO <br> Gromi>a', 'Palokatkot lattiassa', 48, '', '', '', '', 'no_critical', '', '', '', '2023-12-31', '', 4, 'ok', '', '', 4, '', '', ''),
('comed5e44b723594', 'Palsbo L11', 'L11A302 <br> TSTOsis <br> Tyhjä>a', 'Epaloogisuus valot ja sahkokisko', 48, '', '', '', '', 'no_critical', '', '', '', '2023-11-30', '', 2, '', '', '', 2, '', '', ''),
('comef3d9e0218d', 'Palsbo L11', 'L11A100A <br> Porras <br> Yleinen>a', 'Vaahtosammuttimet 12 kpl', 46, '', '', '', 'Denis Khasanov', 'no_critical', '', '', '', '2023-12-31', '', 8, '', '', '', 8, '', '', ''),
('comfeca50fa7978c', 'Palsbo L11', 'L11A100A <br> Porras <br> Yleinen>a', 'Katso myos pukarien ovipumput', 48, '', '', '', '', 'no_critical', '', '', '', '2023-12-31', '', 1, 'palautettu', '', '', 1, '', '', '');

-- --------------------------------------------------------

--
-- Table structure for table `comments`
--

CREATE TABLE `comments` (
  `id` varchar(255) CHARACTER SET utf8mb4 COLLATE utf8mb4_unicode_ci NOT NULL,
  `projectid` int NOT NULL,
  `room` varchar(50) CHARACTER SET utf8mb4 COLLATE utf8mb4_unicode_ci NOT NULL,
  `name` varchar(255) CHARACTER SET utf8mb4 COLLATE utf8mb4_unicode_ci DEFAULT NULL,
  `x_y` int DEFAULT '0',
  `content` varchar(2000) CHARACTER SET utf8mb4 COLLATE utf8mb4_unicode_ci DEFAULT NULL,
  `attachments` varchar(3000) CHARACTER SET utf8mb4 COLLATE utf8mb4_unicode_ci DEFAULT NULL,
  `comment_from` varchar(255) CHARACTER SET utf8mb4 COLLATE utf8mb4_unicode_ci DEFAULT NULL,
  `comment_to` varchar(255) CHARACTER SET utf8mb4 COLLATE utf8mb4_unicode_ci DEFAULT NULL,
  `urgency` varchar(255) CHARACTER SET utf8mb4 COLLATE utf8mb4_unicode_ci DEFAULT NULL,
  `creation_time` varchar(255) CHARACTER SET utf8mb4 COLLATE utf8mb4_unicode_ci DEFAULT NULL,
  `ending_time` varchar(255) CHARACTER SET utf8mb4 COLLATE utf8mb4_unicode_ci DEFAULT NULL,
  `aihe` varchar(255) CHARACTER SET utf8mb4 COLLATE utf8mb4_unicode_ci DEFAULT NULL,
  `deadline` varchar(255) CHARACTER SET utf8mb4 COLLATE utf8mb4_unicode_ci DEFAULT NULL,
  `answer_to` varchar(255) CHARACTER SET utf8mb4 COLLATE utf8mb4_unicode_ci DEFAULT NULL,
  `time_estimate` int NOT NULL DEFAULT '1',
  `status` varchar(255) CHARACTER SET utf8mb4 COLLATE utf8mb4_unicode_ci NOT NULL DEFAULT 'aloittamatta',
  `tja` varchar(255) CHARACTER SET utf8mb4 COLLATE utf8mb4_unicode_ci NOT NULL DEFAULT '',
  `tta` varchar(255) CHARACTER SET utf8mb4 COLLATE utf8mb4_unicode_ci NOT NULL DEFAULT '',
  `h_remaining` int NOT NULL,
  `pvm_remaining` varchar(255) CHARACTER SET utf8mb4 COLLATE utf8mb4_unicode_ci NOT NULL,
  `readiness` varchar(255) CHARACTER SET utf8mb4 COLLATE utf8mb4_unicode_ci NOT NULL DEFAULT '0',
  `myyja_lupaus` varchar(255) CHARACTER SET utf8mb4 COLLATE utf8mb4_unicode_ci NOT NULL
) ENGINE=InnoDB DEFAULT CHARSET=utf8mb4 COLLATE=utf8mb4_unicode_ci;

--
-- Dumping data for table `comments`
--

INSERT INTO `comments` (`id`, `projectid`, `room`, `name`, `x_y`, `content`, `attachments`, `comment_from`, `comment_to`, `urgency`, `creation_time`, `ending_time`, `aihe`, `deadline`, `answer_to`, `time_estimate`, `status`, `tja`, `tta`, `h_remaining`, `pvm_remaining`, `readiness`, `myyja_lupaus`) VALUES
('com09b6e0f87d532', 30, 'L11A107C <br> Pukuhuo <br> Miehet>a', 'Tuolit pukuhuoneeseen', 48, '', '', 'tyonjohto', 'Severi Lainevuo', 'no_critical', '2023-11-01 12:41:31', '', 'tyonjohto kommentit', '2023-12-31', '', 16, 'aloittamatta', '', '', 16, '', '', ''),
('com16152443befcd', 30, 'L11B310B <br> WC <br> Yleinen>a', 'Wc kansi', 48, '', '', 'tyonjohto', 'Denis Khasanov', 'no_critical', '2023-11-01 12:28:06', '', 'tyonjohto kommentit', '2023-11-30', '', 2, 'aloittamatta', '', '', 2, '', '', ''),
('com206adaacddfb7', 30, 'L11A309 <br> Käytävä <br> Yleinen>a', 'Ya siru ei toimi oveen', 48, '', '', 'tyonjohto', 'Lukkomies', 'no_critical', '2023-11-01 12:22:57', '', 'tyonjohto kommentit', '', '', 4, 'aloittamatta', '', '', 4, '', '', ''),
('com27081d0ec3705', 30, 'L11B106 <br> Lämpöjako <br> Yleinen>a', 'Ulkoseinän aukko ja pieni hylly papereille', 47, '', '', 'tyonjohto', 'Severi Lainevuo', 'no_critical', '2023-11-01 10:04:10', '', 'tyonjohto kommentit', '2023-12-31', '', 6, 'aloittamatta', '', '', 6, '', '', ''),
('com2c7af1e1269fe', 30, 'L11A305 <br> TSTOtie <br> Tyhjä>a', 'Oven kiinnitys', 45, '', '', 'tyonjohto', 'Severi Lainevuo', 'no_critical', '2023-11-01 12:15:16', '', 'tyonjohto kommentit', '2023-11-30', '', 2, 'aloittamatta', '', '', 2, '', '', ''),
('com307ea9e07f483', 30, 'L11B308 <br> TSTO <br> Gromi>a', 'Katosta vuotaa vettä kovalla sateella', 46, 'Tarkastetaan katto -  samalla myös P10 katto vuotaa C315 mendez. Mvi tietaa', '', 'tyonjohto', 'Severi Lainevuo', 'no_critical', '2023-10-31 20:33:12', '', 'tyonjohto kommentit', '2023-11-30', '', 1, 'aloittamatta', '', '', 1, '', '', ''),
('com332aedebec53b', 30, 'L11A100A <br> Porras <br> Yleinen>a', 'Terasrakenteiden maalaus', 46, '', '', 'tyonjohto', 'Denis Khasanov', 'no_critical', '2023-11-01 12:33:23', '', 'tyonjohto kommentit', '2023-11-30', '', 4, 'aloittamatta', '', '', 4, '', '', ''),
('com36699b472afb4', 30, 'L11A203A <br> WC <br> Yleinen>a', 'Maalaus seinassa', 48, 'Ylakerran kanssa samalla', 'https://editori.westface.fi/uploads/3728816988284133304573458054917350088.jpg\n', 'tyonjohto', 'Rakennustyo2', 'no_critical', '2023-11-01 10:51:23', '', 'tyonjohto kommentit', '2023-12-31', '', 4, 'aloittamatta', '', '', 4, '', '', ''),
('com3c142dfb12baf', 30, 'L11A302 <br> TSTOsis <br> Tyhjä>a', 'Listat irti', 48, '', '', 'tyonjohto', 'Severi Lainevuo', 'no_critical', '2023-11-01 12:25:21', '', 'tyonjohto kommentit', '2023-11-30', '', 2, 'aloittamatta', '', '', 2, '', '', ''),
('com4756c3fbb1df9', 30, 'L11B221 <br> Huone <br> Himmelä>a', 'Pelastusportaat', 48, '', '', 'tyonjohto', 'Marko Virtanen', 'no_critical', '2023-11-01 12:30:25', '', 'tyonjohto kommentit', '2023-11-30', '', 8, 'aloittamatta', '', '', 8, '', '', ''),
('com4a0f38cb4099d', 30, 'L11A309 <br> Käytävä <br> Yleinen>a', 'Levyt kaytavan levyt', 45, 'Ne on huoneessa 303', '', 'tyonjohto', 'Severi Lainevuo', 'no_critical', '2023-11-01 10:43:40', '', 'tyonjohto kommentit', '2023-12-31', '', 16, 'aloittamatta', '', '', 16, '', '', ''),
('com4d29567eeb88f', 30, 'L11B217 <br> Keittio <br> Asunto>a', 'L lista tiiliseina', 48, '', '', 'tyonjohto', 'Severi Lainevuo', 'no_critical', '2023-11-01 12:29:25', '', 'tyonjohto kommentit', '2023-11-30', '', 2, 'aloittamatta', '', '', 2, '', '', ''),
('com595218bb51724', 30, 'L11B308 <br> TSTO <br> Gromi>a', 'Sahkokansia asentamatta', 48, '', '', 'tyonjohto', 'Timo Koskinen', 'no_critical', '2023-11-01 12:12:50', '', 'tyonjohto kommentit', '2023-12-31', '', 2, 'aloittamatta', '', '', 2, '', '', ''),
('com5cc9035be05a', 30, 'L11B218 <br> TekniTila <br> Asunto>a', 'Sahkot auki keittion oven vieressa', 45, 'Jakorasia seinassa', '', 'tyonjohto', 'Timo Koskinen', 'no_critical', '2023-11-01 10:29:25', '', 'tyonjohto kommentit', '', '', 1, 'aloittamatta', '', '', 1, '', '', ''),
('com5d0ac36caa6f6', 30, 'L11A107B <br> Pukuhuo <br> Naiset>a', 'Suihkukaappi', 46, 'Osta kaappi tahan', '', 'tyonjohto', 'Marko Virtanen', 'no_critical', '2023-11-01 11:05:30', '', 'tyonjohto kommentit', '2023-12-31', '', 8, 'aloittamatta', '', '', 8, '', '', ''),
('com653806c288e9c', 30, 'L11A203AWCYleinen>a', 'TESTAYS', 48, 'TEST', '', 'tyonjohto', 'Severi Lainevuo|Timo Koskinen', 'no_critical', '2023-11-03 15:03:09', '', 'tyonjohto kommentit', '2023-12-01', '', 1, 'aloittamatta', '', '', 1, '', '', ''),
('com67cea2f0346c4', 30, 'L11B310B <br> WC <br> Yleinen>a', 'Valot', 45, '', '', 'tyonjohto', 'Timo Koskinen', 'no_critical', '2023-11-01 12:27:30', '', 'tyonjohto kommentit', '2023-11-30', '', 2, 'aloittamatta', '', '', 2, '', '', ''),
('com6afe1ef2b2c4a', 30, 'L11B303 <br> TSTO <br> Tyhjä>a', 'Katon listat', 48, 'Vastalistat katolle on huoneessa', '', 'tyonjohto', 'Severi Lainevuo', 'no_critical', '2023-11-01 10:39:24', '', 'tyonjohto kommentit', '2023-12-31', '', 16, 'aloittamatta', '', '', 16, '', '', ''),
('com6ff06ee84ea96', 30, 'L11A100A <br> Porras <br> Yleinen>a', 'Ulos ikkunoiden valkoinen ulkokulma', 46, '', '', 'tyonjohto', 'Henri Luostarinen', 'no_critical', '2023-11-01 12:32:31', '', 'tyonjohto kommentit', '2023-11-30', '', 8, 'aloittamatta', '2023-11-13', '2023-11-13', 8, '', '', ''),
('com74a9e647c4c01', 30, 'L11A201 <br> TSTO <br> Tyhjä>a', 'Sahkot', 48, '', '', 'tyonjohto', 'Timo Koskinen', 'no_critical', '2023-11-01 10:53:10', '', 'tyonjohto kommentit', '2023-12-31', '', 24, 'aloittamatta', '', '', 24, '', '', ''),
('com74e0e142e57f1', 30, 'L11A101B <br> Keittio <br> Finstar>a', 'Tarkastettava etta toimii ja on valmis', 46, '', '', 'tyonjohto', 'Denis Khasanov', 'no_critical', '2023-11-01 11:03:50', '', 'tyonjohto kommentit', '2023-11-30', '', 1, 'aloittamatta', '', '', 1, '', '', ''),
('com7872d2bf9ced9', 30, 'L11A100A <br> Porras <br> Yleinen>a', 'Kyltit oviin', 46, '', '', 'tyonjohto', 'Marko Virtanen', 'no_critical', '2023-11-01 11:46:29', '', 'tyonjohto kommentit', '2023-12-31', '', 2, 'aloittamatta', '', '', 2, '', '', ''),
('com7bcedcab056a7', 30, 'L11A100A <br> Porras <br> Yleinen>a', 'Ovipumput kaikkialle', 46, '', '', 'tyonjohto', 'Asentaja1|Asentaja2', 'no_critical', '2023-11-01 12:35:13', '', 'tyonjohto kommentit', '2023-11-30', '', 8, 'aloittamatta', '', '', 8, '', '', ''),
('com7f2bbe689205', 30, 'L11A100A <br> Porras <br> Yleinen>a', 'Vaahtosammuttimet 12 kpl', 46, 'Marko ja denis yhdessa', '', 'tyonjohto', 'Asentaja1|Asentaja2', 'no_critical', '2023-11-01 11:10:01', '', 'tyonjohto kommentit', '2023-12-31', '', 8, 'aloittamatta', '2023-11-13', '2023-11-13', 8, '', '', ''),
('com8056f13a278f1', 30, 'L11A100A <br> Porras <br> Yleinen>a', 'Kynnyslistat kaikkialle', 45, '', '', 'tyonjohto', 'Henri Luostarinen', 'no_critical', '2023-11-01 12:31:50', '', 'tyonjohto kommentit', '2023-11-30', '', 8, 'aloittamatta', '', '', 8, '', '', ''),
('com8a282e7877e14', 30, 'L11A305 <br> TSTOtie <br> Tyhjä>a', 'Katosta roikkuu johto', 45, 'Tikkaat ja rallakka mukaan alumiinia', 'https://editori.westface.fi/uploads/232551698828276636995776249616336951.jpg\n', 'tyonjohto', 'Severi Lainevuo', 'no_critical', '2023-11-01 10:45:31', '', 'tyonjohto kommentit', '2023-12-31', '', 1, 'aloittamatta', '', '', 1, '', '', ''),
('com98dc68b01ac94', 30, 'L11A201 <br> TSTO <br> Tyhjä>a', 'Vesipisteen purku', 46, '', 'https://editori.westface.fi/uploads/3750316988287174967131681337267276496.jpg\n', 'tyonjohto', 'Denis Khasanov', 'no_critical', '2023-11-01 10:52:30', '', 'tyonjohto kommentit', '', '', 8, 'aloittamatta', '', '', 8, '', '', ''),
('comc47404b9bd7ca', 30, 'L11B104 <br> Myymälä <br> Sieniseur>a', 'Valokatkaisia', 46, 'Tuomas puh 0505522466 voi siivota alueet tarvittaessa ennen tyota ', 'https://editori.westface.fi/uploads/382621698825985734499484868331287556.jpg\n', 'tyonjohto', 'Timo Koskinen', 'no_critical', '2023-11-01 10:09:44', '', 'tyonjohto kommentit', '', '', 6, 'aloittamatta', '', '', 6, '', '', ''),
('comccff360fca951', 30, 'L11A100A <br> Porras <br> Yleinen>a', 'Kuramatot kaytavaan 4 kpl', 45, 'Kuramatot 4 porrasta 1200x3000 2kpl per porras', 'https://editori.westface.fi/uploads/4956616988298439292565386085874956570.jpg\n', 'tyonjohto', 'Marko Virtanen', 'no_critical', '2023-11-01 11:11:11', '', 'tyonjohto kommentit', '2023-12-31', '', 0, 'aloittamatta', '', '', 0, '', '', ''),
('comd0a1a59068e2c', 30, 'L11A100A <br> Porras <br> Yleinen>a', 'Palopostit kuntoon', 46, 'Kaikki portaat', 'https://editori.westface.fi/uploads/3381716988296940481539411297158765049.jpg\n', 'tyonjohto', 'Asentaja1|Asentaja2', 'no_critical', '2023-11-01 11:08:59', '', 'tyonjohto kommentit', '2023-12-31', '', 16, 'aloittamatta', '', '', 16, '', '', ''),
('comd3f17b142a1f8', 30, 'L11B218 <br> TekniTila <br> Asunto>a', 'Paloovet', 45, 'Ovi keittioon 900x2090 huoneeseen 850x2020 eteiseen850x2020 mieti tarviiko rajata mitat karmimittoja ovet valkoisia', '', 'tyonjohto', 'Marko Virtanen', 'no_critical', '2023-11-01 10:28:24', '', 'tyonjohto kommentit', '2023-12-31', '', 0, 'aloittamatta', '', '', 0, '', '', ''),
('comd72df18b2f385', 30, 'L11B308 <br> TSTO <br> Gromi>a', 'Venttiilit', 45, '', '', 'tyonjohto', 'Jarno Himmela', 'no_critical', '2023-11-01 12:14:11', '', 'tyonjohto kommentit', '2023-12-31', '', 2, 'aloittamatta', '', '', 2, '', '', ''),
('come96aa9b028a7e', 30, 'L11B308 <br> TSTO <br> Gromi>a', 'Palokatkot lattiassa', 44, '', '', 'tyonjohto', 'Severi Lainevuo', 'no_critical', '2023-11-01 12:13:38', '', 'tyonjohto kommentit', '2023-12-31', '', 4, 'palautettu', '', '', 4, '', '', ''),
('comed5e44b723594', 30, 'L11A302 <br> TSTOsis <br> Tyhjä>a', 'Epaloogisuus valot ja sahkokisko', 48, '', '', 'tyonjohto', 'Timo Koskinen', 'no_critical', '2023-11-01 12:24:31', '', 'tyonjohto kommentit', '2023-11-30', '', 2, 'aloittamatta', '', '', 2, '', '', ''),
('comef3d9e0218d', 30, 'L11A100A <br> Porras <br> Yleinen>a', 'Vaahtosammuttimet 12 kpl', 46, 'Marko ja denis yhdessa', '', 'tyonjohto', 'Denis Khasanov', 'no_critical', '2023-11-01 11:10:01', '', 'tyonjohto kommentit', '2023-12-31', '', 8, 'aloittamatta', '', '', 8, '', '', ''),
('comf90ab3ad7c1ce', 30, 'L11A309 <br> Käytävä <br> Yleinen>a', 'Seinan maalaus', 48, '', '', 'tyonjohto', 'Severi Lainevuo', 'no_critical', '2023-11-01 10:41:00', '', 'tyonjohto kommentit', '2023-12-31', '', 8, 'aloittamatta', '', '', 8, '', '', ''),
('comfeca50fa7978c', 30, 'L11A100A <br> Porras <br> Yleinen>a', 'Katso myos pukarien ovipumput', 48, 'Ovipumppukiinni pyoravajaan loytyy vajasta', 'https://editori.westface.fi/uploads/2068816988301597346382129001209748965.jpg\n', 'tyonjohto', 'Severi Lainevuo', 'no_critical', '2023-11-01 11:16:24', '', 'tyonjohto kommentit', '2023-12-31', '', 1, 'palautettu', '', '', 1, '', '', '');

-- --------------------------------------------------------

--
-- Table structure for table `kumoalog`
--

CREATE TABLE `kumoalog` (
  `id` int NOT NULL,
  `project_id` int NOT NULL,
  `username` varchar(255) CHARACTER SET utf8mb4 COLLATE utf8mb4_unicode_ci NOT NULL,
  `redo` varchar(255) CHARACTER SET utf8mb4 COLLATE utf8mb4_unicode_ci NOT NULL,
  `undo` varchar(255) CHARACTER SET utf8mb4 COLLATE utf8mb4_unicode_ci NOT NULL
) ENGINE=InnoDB DEFAULT CHARSET=utf8mb4 COLLATE=utf8mb4_unicode_ci;

-- --------------------------------------------------------

--
-- Table structure for table `mail_templates`
--

CREATE TABLE `mail_templates` (
  `id` int NOT NULL,
  `header_array` varchar(2555) NOT NULL DEFAULT '',
  `messagename` varchar(2555) CHARACTER SET utf8mb4 COLLATE utf8mb4_0900_ai_ci NOT NULL DEFAULT '',
  `subject_array` varchar(2555) CHARACTER SET utf8mb4 COLLATE utf8mb4_0900_ai_ci NOT NULL DEFAULT '',
  `message_array` text NOT NULL
) ENGINE=InnoDB DEFAULT CHARSET=utf8mb4 COLLATE=utf8mb4_0900_ai_ci;

--
-- Dumping data for table `mail_templates`
--

INSERT INTO `mail_templates` (`id`, `header_array`, `messagename`, `subject_array`, `message_array`) VALUES
(1, 'editori@westface.fi~~~~~~~~Editori Westface~~~~Ipah6Xae!~~~~', 'project_creation', 'Tervetuloa hankeeseen ~~~~!!!', 'Hei~~~~Tervetuloa uuteen hankkeeseen, joka on tehty myyjämme~~~~ toimesta~~~~Projektissa ovat nämä henkilöt mukana: ~~~~~~~~Hankkeen nimeksi tulee: ~~~~~~~~test'),
(2, 'editori@westface.fi~~~~~~~~Editori Westface~~~~Ipah6Xae!~~~~', 'project_newuser', 'Tilin luonti Editoriin: ~~~~, kirjautumistunnukset', 'Hei~~~~~~~~Käyttäjätilisi on ~~~~~~~~ja salasanasi on ~~~~~~~~Tämä puhelinnumerosi näkyy hankkeessa: ~~~~~~~~Käyttäjätilisi luotiin: ~~~~~~~~~~~~~~~~ööäääää'),
(3, 'editori@westface.fi~~~~marko.virtanen@westface.fi~~~~Editori Westface~~~~Ipah6Xae!~~~~Marko Virtanen', 'project_sendedits', 'Muutoksia kommenteissa ~~~~', 'Nämä muutokset ovat tapahtuneet kommenteissa:'),
(4, 'editori@westface.fi~~~~marko.virtanen@westface.fi~~~~Editori Westface~~~~Ipah6Xae!~~~~Marko Virtanen', 'sent_purchases', 'Laskutettavat ostot~~~~', ''),
(5, 'editori@westface.fi~~~~marko.virtanen@westface.fi~~~~Editori Westface~~~~Ipah6Xae!~~~~Marko Virtanen', 'deleted_without_consent', 'Kommentti suljettu kuittaamatta, hanke ~~~~', ''),
(6, 'editori@westface.fi~~~~~~~~Editori Westface~~~~Ipah6Xae!~~~~', 'comments_toworkers', 'Avoimet Kommenttisi ~~~~ !', ''),
(7, 'editori@westface.fi~~~~marko.virtanen@westface.fi~~~~Editori Westface~~~~Ipah6Xae!~~~~Marko Virtanen', 'reppanareport', 'Kommentit reppanoittain ~~~~', ''),
(8, 'editori@westface.fi~~~~marko.virtanen@westface.fi~~~~Editori Westface~~~~Ipah6Xae!~~~~Marko Virtanen', 'projectreport', 'Kommentit hankettain ~~~~', ''),
(9, 'editori@westface.fi~~~~marko.virtanen@westface.fi~~~~Editori Westface~~~~Ipah6Xae!~~~~Marko Virtanen', 'comment_sending_to_tyonjohto', 'Kommentti kuitattu, hanke ~~~~!!', ''),
(10, 'editori@westface.fi~~~~marko.virtanen@westface.fi~~~~Editori Westface~~~~Ipah6Xae!~~~~Marko Virtanen', 'tilauksen_lisays', 'Uusi tilaus, hanke ~~~~!', ''),
(11, 'editori@westface.fi~~~~marko.virtanen@westface.fi~~~~Editori Westface~~~~Ipah6Xae!~~~~Marko Virtanen', 'kommentin_lisays', 'Tärkeä korjaus, hanke ~~~~', '');

-- --------------------------------------------------------

--
-- Table structure for table `message_templates`
--

CREATE TABLE `message_templates` (
  `id` int NOT NULL,
  `subject` varchar(255) NOT NULL,
  `message` varchar(255) NOT NULL
) ENGINE=InnoDB DEFAULT CHARSET=utf8mb4 COLLATE=utf8mb4_0900_ai_ci;

--
-- Dumping data for table `message_templates`
--

INSERT INTO `message_templates` (`id`, `subject`, `message`) VALUES
(1, 'new_project', 'test'),
(2, 'new_comment', 'test'),
(3, 'comment_ready', 'test');

-- --------------------------------------------------------

--
-- Table structure for table `pohjat`
--

CREATE TABLE `pohjat` (
  `id` int NOT NULL,
  `a` text CHARACTER SET utf8mb4 COLLATE utf8mb4_unicode_ci,
  `b` text CHARACTER SET utf8mb4 COLLATE utf8mb4_unicode_ci,
  `c` text CHARACTER SET utf8mb4 COLLATE utf8mb4_unicode_ci,
  `d` text CHARACTER SET utf8mb4 COLLATE utf8mb4_unicode_ci,
  `k` text CHARACTER SET utf8mb4 COLLATE utf8mb4_unicode_ci,
  `l` text CHARACTER SET utf8mb4 COLLATE utf8mb4_unicode_ci
) ENGINE=InnoDB DEFAULT CHARSET=utf8mb4 COLLATE=utf8mb4_unicode_ci;

--
-- Dumping data for table `pohjat`
--

INSERT INTO `pohjat` (`id`, `a`, `b`, `c`, `d`, `k`, `l`) VALUES
(1, '13,undone,1|1,2200|4000,,,,,', '13,undone,1|1,2200|2200,,,,,', '13,undone,1|1,2200|4000,,,,,', '13,undone,1|1,2200|2200,,,,,', '13,undone,1|1,2200|4000,,,,,', '13,undone,1|1,2200|4000,,,,,'),
(8, '8,measured,1|1,2200|6000,,,,,', '   8,undone,1|1,2200|2200,,,,,', '8,undone,1|1,2200|4000,,,,,', '   8,measured,1|1,2200|2200,,,,,', '   13,undone,1|1,2200|4000,,,,,', '   13,undone,1|1,2200|4000,,,,,'),
(9, '   8,measured,1|1,2200|6000,,,,,', '  8,undone,1|1,2200|2200,,,,,', '8,undone,1|1,1670|4000,,,,,', '  8,measured,1|1,2200|2200,,,,,', '  13,undone,1|1,2200|4000,,,,,', '  13,undone,1|1,2200|4000,,,,,');

-- --------------------------------------------------------

--
-- Table structure for table `projectmeta`
--

CREATE TABLE `projectmeta` (
  `meta_id` int NOT NULL,
  `id` int NOT NULL,
  `meta_key` varchar(255) NOT NULL,
  `meta_value` mediumtext CHARACTER SET utf8mb3 COLLATE utf8mb3_swedish_ci NOT NULL
) ENGINE=InnoDB DEFAULT CHARSET=utf8mb3;

--
-- Dumping data for table `projectmeta`
--

INSERT INTO `projectmeta` (`meta_id`, `id`, `meta_key`, `meta_value`) VALUES
(3772, 100, 's_settings', '[[\"Classic vaaka\",\"\",\"\",\"Alpha vaaka\",\"\",\"Delta\"],[],[],[],[],[],[],[],[],[\"R1\",\"Pistorasia\",\"30\",\"showoneeditor\"],[\"R2\",\"Valorasia\",\"50\",\"\"],[\"R3\",\"Sahkorasia\",\"30\",\"showoneeditor\"],[\"R4\",\"Viemari 32\",\"20\",\"\"],[\"R5\",\"Viemari50\",\"60\",\"\"],[\"R6\",\"Viemari 75\",\"45\",\"\"],[\"R7\",\"Viemari 100\",\"55\",\"showoneeditor\"],[\"R8\",\"IV100\",\"55\",\"\"],[\"R9\",\"IV 160\",\"\",\"\"],[\"R10\",\"IV200\",\"85\",\"\"],[\"R11\",\"IV 250\",\"105\",\"\"],[\"R12\",\"IV315\",\"130\",\"\"],[\"R13\",\"Nelio 100x100\",\"165\",\"showoneeditor\"],[\"R14\",\"Nelio 100x100\",\"\",\"\"],[\"R15\",\"Nelio 500x500\",\"\",\"\"],\"0\",\"2\",\"2\",\"1\",\"1\"]'),
(3773, 100, 's_materials', '[\"{Exterior Blue,Exterior Blue,B_s2_d0,1250,3000,8,Laminate,#45769d}\"]'),
(3776, 100, 'aukko_template', 'A'),
(4474, 100, 'aukko_mallit', '[[\"Ovi\",\"+25\",\"0\",\"+25\",\"0\",\"+25\",\"0\",\"0\",\"-25\",\"-\",\"-\",\"-\",\"-\",\"Ikkuna\",\"+25\",\"0\",\"+25\",\"0\",\"+25\",\"0\",\"0\",\"-25\",\"-\",\"-\",\"-\",\"-\",\"Palkki\",\"+25\",\"0\",\"+25\",\"0\",\"+25\",\"0\",\"0\",\"-25\",\"-\",\"-\",\"-\",\"-\",\"Pilari\",\"+25\",\"0\",\"+25\",\"0\",\"+25\",\"0\",\"0\",\"-25\",\"-\",\"-\",\"-\",\"-\",\"Ilmastointi\",\"+25\",\"0\",\"+25\",\"0\",\"+25\",\"0\",\"0\",\"-25\",\"-\",\"-\",\"-\",\"-\",\"\",\"-\",\"-\",\"-\",\"-\",\"-\",\"-\",\"-\",\"-\",\"-\",\"-\",\"-\",\"-\",\"-\",\"-\",\"-\",\"-\",\"-\",\"-\",\"-\",\"-\",\"-\",\"-\",\"-\",\"-\",\"-\",\"-\",\"-\",\"-\",\"-\",\"-\",\"-\",\"-\",\"-\",\"-\",\"-\",\"-\",\"-\",\"-\",\"-\",\"-\",\"-\",\"-\",\"-\",\"-\",\"-\",\"-\",\"-\",\"-\",\"-\",\"-\",\"-\",\"-\",\"-\",\"-\",\"-\",\"-\",\"-\",\"-\",\"-\",\"-\",\"-\",\"-\",\"-\",\"-\",\"-\",\"-\",\"-\",\"-\",\"-\",\"-\",\"-\",\"-\",\"-\",\"-\"],[\"-\",\"-\",\"-\",\"-\",\"-\",\"-\",\"-\",\"-\",\"-\",\"-\",\"-\",\"-\",\"-\",\"-\",\"-\",\"-\",\"-\",\"-\",\"-\",\"-\",\"-\",\"-\",\"-\",\"-\",\"-\",\"-\",\"-\",\"-\",\"-\",\"-\",\"-\",\"-\",\"-\",\"-\",\"-\",\"-\",\"-\",\"-\",\"-\",\"-\",\"-\",\"-\",\"-\",\"-\",\"-\",\"-\",\"-\",\"-\",\"-\",\"-\",\"-\",\"-\",\"-\",\"-\",\"-\",\"-\",\"-\",\"-\",\"-\",\"-\",\"-\",\"-\",\"-\",\"-\",\"-\",\"-\",\"-\",\"-\",\"-\",\"-\",\"-\",\"-\",\"-\",\"-\",\"-\",\"-\",\"-\",\"-\",\"-\",\"-\",\"-\",\"-\",\"-\",\"-\",\"-\",\"-\",\"-\",\"-\",\"-\",\"-\",\"-\",\"-\",\"-\",\"-\",\"-\",\"-\",\"-\",\"-\",\"-\",\"-\",\"-\",\"-\",\"-\",\"-\",\"-\",\"-\",\"-\",\"-\",\"-\",\"-\",\"-\",\"-\",\"-\",\"-\",\"-\",\"-\",\"-\",\"-\",\"-\",\"-\",\"-\",\"-\",\"-\",\"-\",\"-\",\"-\",\"-\",\"-\",\"-\",\"-\",\"-\",\"-\",\"-\",\"-\",\"-\",\"-\",\"-\",\"-\",\"-\",\"-\"],[\"-\",\"-\",\"-\",\"-\",\"-\",\"-\",\"-\",\"-\",\"-\",\"-\",\"-\",\"-\",\"-\",\"-\",\"-\",\"-\",\"-\",\"-\",\"-\",\"-\",\"-\",\"-\",\"-\",\"-\",\"-\",\"-\",\"-\",\"-\",\"-\",\"-\",\"-\",\"-\",\"-\",\"-\",\"-\",\"-\",\"-\",\"-\",\"-\",\"-\",\"-\",\"-\",\"-\",\"-\",\"-\",\"-\",\"-\",\"-\",\"-\",\"-\",\"-\",\"-\",\"-\",\"-\",\"-\",\"-\",\"-\",\"-\",\"-\",\"-\",\"-\",\"-\",\"-\",\"-\",\"-\",\"-\",\"-\",\"-\",\"-\",\"-\",\"-\",\"-\",\"-\",\"-\",\"-\",\"-\",\"-\",\"-\",\"-\",\"-\",\"-\",\"-\",\"-\",\"-\",\"-\",\"-\",\"-\",\"-\",\"-\",\"-\",\"-\",\"-\",\"-\",\"-\",\"-\",\"-\",\"-\",\"-\",\"-\",\"-\",\"-\",\"-\",\"-\",\"-\",\"-\",\"-\",\"-\",\"-\",\"-\",\"-\",\"-\",\"-\",\"-\",\"-\",\"-\",\"-\",\"-\",\"-\",\"-\",\"-\",\"-\",\"-\",\"-\",\"-\",\"-\",\"-\",\"-\",\"-\",\"-\",\"-\",\"-\",\"-\",\"-\",\"-\",\"-\",\"-\",\"-\",\"-\",\"-\",\"-\"],[\"-\",\"-\",\"-\",\"-\",\"-\",\"-\",\"-\",\"-\",\"-\",\"-\",\"-\",\"-\",\"-\",\"-\",\"-\",\"-\",\"-\",\"-\",\"-\",\"-\",\"-\",\"-\",\"-\",\"-\",\"-\",\"-\",\"-\",\"-\",\"-\",\"-\",\"-\",\"-\",\"-\",\"-\",\"-\",\"-\",\"-\",\"-\",\"-\",\"-\",\"-\",\"-\",\"-\",\"-\",\"-\",\"-\",\"-\",\"-\",\"-\",\"-\",\"-\",\"-\",\"-\",\"-\",\"-\",\"-\",\"-\",\"-\",\"-\",\"-\",\"-\",\"-\",\"-\",\"-\",\"-\",\"-\",\"-\",\"-\",\"-\",\"-\",\"-\",\"-\",\"-\",\"-\",\"-\",\"-\",\"-\",\"-\",\"-\",\"-\",\"-\",\"-\",\"-\",\"-\",\"-\",\"-\",\"-\",\"-\",\"-\",\"-\",\"-\",\"-\",\"-\",\"-\",\"-\",\"-\",\"-\",\"-\",\"-\",\"-\",\"-\",\"-\",\"-\",\"-\",\"-\",\"-\",\"-\",\"-\",\"-\",\"-\",\"-\",\"-\",\"-\",\"-\",\"-\",\"-\",\"-\",\"-\",\"-\",\"-\",\"-\",\"-\",\"-\",\"-\",\"-\",\"-\",\"-\",\"-\",\"-\",\"-\",\"-\",\"-\",\"-\",\"-\",\"-\",\"-\",\"-\",\"-\",\"-\",\"-\"],[\"-\",\"-\",\"-\",\"-\",\"-\",\"-\",\"-\",\"-\",\"-\",\"-\",\"-\",\"-\",\"-\",\"-\",\"-\",\"-\",\"-\",\"-\",\"-\",\"-\",\"-\",\"-\",\"-\",\"-\",\"-\",\"-\",\"-\",\"-\",\"-\",\"-\",\"-\",\"-\",\"-\",\"-\",\"-\",\"-\",\"-\",\"-\",\"-\",\"-\",\"-\",\"-\",\"-\",\"-\",\"-\",\"-\",\"-\",\"-\",\"-\",\"-\",\"-\",\"-\",\"-\",\"-\",\"-\",\"-\",\"-\",\"-\",\"-\",\"-\",\"-\",\"-\",\"-\",\"-\",\"-\",\"-\",\"-\",\"-\",\"-\",\"-\",\"-\",\"-\",\"-\",\"-\",\"-\",\"-\",\"-\",\"-\",\"-\",\"-\",\"-\",\"-\",\"-\",\"-\",\"-\",\"-\",\"-\",\"-\",\"-\",\"-\",\"-\",\"-\",\"-\",\"-\",\"-\",\"-\",\"-\",\"-\",\"-\",\"-\",\"-\",\"-\",\"-\",\"-\",\"-\",\"-\",\"-\",\"-\",\"-\",\"-\",\"-\",\"-\",\"-\",\"-\",\"-\",\"-\",\"-\",\"-\",\"-\",\"-\",\"-\",\"-\",\"-\",\"-\",\"-\",\"-\",\"-\",\"-\",\"-\",\"-\",\"-\",\"-\",\"-\",\"-\",\"-\",\"-\",\"-\",\"-\",\"-\",\"-\"],[\"-\",\"-\",\"-\",\"-\",\"-\",\"-\",\"-\",\"-\",\"-\",\"-\",\"-\",\"-\",\"-\",\"-\",\"-\",\"-\",\"-\",\"-\",\"-\",\"-\",\"-\",\"-\",\"-\",\"-\",\"-\",\"-\",\"-\",\"-\",\"-\",\"-\",\"-\",\"-\",\"-\",\"-\",\"-\",\"-\",\"-\",\"-\",\"-\",\"-\",\"-\",\"-\",\"-\",\"-\",\"-\",\"-\",\"-\",\"-\",\"-\",\"-\",\"-\",\"-\",\"-\",\"-\",\"-\",\"-\",\"-\",\"-\",\"-\",\"-\",\"-\",\"-\",\"-\",\"-\",\"-\",\"-\",\"-\",\"-\",\"-\",\"-\",\"-\",\"-\",\"-\",\"-\",\"-\",\"-\",\"-\",\"-\",\"-\",\"-\",\"-\",\"-\",\"-\",\"-\",\"-\",\"-\",\"-\",\"-\",\"-\",\"-\",\"-\",\"-\",\"-\",\"-\",\"-\",\"-\",\"-\",\"-\",\"-\",\"-\",\"-\",\"-\",\"-\",\"-\",\"-\",\"-\",\"-\",\"-\",\"-\",\"-\",\"-\",\"-\",\"-\",\"-\",\"-\",\"-\",\"-\",\"-\",\"-\",\"-\",\"-\",\"-\",\"-\",\"-\",\"-\",\"-\",\"-\",\"-\",\"-\",\"-\",\"-\",\"-\",\"-\",\"-\",\"-\",\"-\",\"-\",\"-\",\"-\",\"-\"],[\"-\",\"-\",\"-\",\"-\",\"-\",\"-\",\"-\",\"-\",\"-\",\"-\",\"-\",\"-\",\"-\",\"-\",\"-\",\"-\",\"-\",\"-\",\"-\",\"-\",\"-\",\"-\",\"-\",\"-\",\"-\",\"-\",\"-\",\"-\",\"-\",\"-\",\"-\",\"-\",\"-\",\"-\",\"-\",\"-\",\"-\",\"-\",\"-\",\"-\",\"-\",\"-\",\"-\",\"-\",\"-\",\"-\",\"-\",\"-\",\"-\",\"-\",\"-\",\"-\",\"-\",\"-\",\"-\",\"-\",\"-\",\"-\",\"-\",\"-\",\"-\",\"-\",\"-\",\"-\",\"-\",\"-\",\"-\",\"-\",\"-\",\"-\",\"-\",\"-\",\"-\",\"-\",\"-\",\"-\",\"-\",\"-\",\"-\",\"-\",\"-\",\"-\",\"-\",\"-\",\"-\",\"-\",\"-\",\"-\",\"-\",\"-\",\"-\",\"-\",\"-\",\"-\",\"-\",\"-\",\"-\",\"-\",\"-\",\"-\",\"-\",\"-\",\"-\",\"-\",\"-\",\"-\",\"-\",\"-\",\"-\",\"-\",\"-\",\"-\",\"-\",\"-\",\"-\",\"-\",\"-\",\"-\",\"-\",\"-\",\"-\",\"-\",\"-\",\"-\",\"-\",\"-\",\"-\",\"-\",\"-\",\"-\",\"-\",\"-\",\"-\",\"-\",\"-\",\"-\",\"-\",\"-\",\"-\",\"-\"],[\"-\",\"-\",\"-\",\"-\",\"-\",\"-\",\"-\",\"-\",\"-\",\"-\",\"-\",\"-\",\"-\",\"-\",\"-\",\"-\",\"-\",\"-\",\"-\",\"-\",\"-\",\"-\",\"-\",\"-\",\"-\",\"-\",\"-\",\"-\",\"-\",\"-\",\"-\",\"-\",\"-\",\"-\",\"-\",\"-\",\"-\",\"-\",\"-\",\"-\",\"-\",\"-\",\"-\",\"-\",\"-\",\"-\",\"-\",\"-\",\"-\",\"-\",\"-\",\"-\",\"-\",\"-\",\"-\",\"-\",\"-\",\"-\",\"-\",\"-\",\"-\",\"-\",\"-\",\"-\",\"-\",\"-\",\"-\",\"-\",\"-\",\"-\",\"-\",\"-\",\"-\",\"-\",\"-\",\"-\",\"-\",\"-\",\"-\",\"-\",\"-\",\"-\",\"-\",\"-\",\"-\",\"-\",\"-\",\"-\",\"-\",\"-\",\"-\",\"-\",\"-\",\"-\",\"-\",\"-\",\"-\",\"-\",\"-\",\"-\",\"-\",\"-\",\"-\",\"-\",\"-\",\"-\",\"-\",\"-\",\"-\",\"-\",\"-\",\"-\",\"-\",\"-\",\"-\",\"-\",\"-\",\"-\",\"-\",\"-\",\"-\",\"-\",\"-\",\"-\",\"-\",\"-\",\"-\",\"-\",\"-\",\"-\",\"-\",\"-\",\"-\",\"-\",\"-\",\"-\",\"-\",\"-\",\"-\",\"-\"],[\"-\",\"-\",\"-\",\"-\",\"-\",\"-\",\"-\",\"-\",\"-\",\"-\",\"-\",\"-\",\"-\",\"-\",\"-\",\"-\",\"-\",\"-\",\"-\",\"-\",\"-\",\"-\",\"-\",\"-\",\"-\",\"-\",\"-\",\"-\",\"-\",\"-\",\"-\",\"-\",\"-\",\"-\",\"-\",\"-\",\"-\",\"-\",\"-\",\"-\",\"-\",\"-\",\"-\",\"-\",\"-\",\"-\",\"-\",\"-\",\"-\",\"-\",\"-\",\"-\",\"-\",\"-\",\"-\",\"-\",\"-\",\"-\",\"-\",\"-\",\"-\",\"-\",\"-\",\"-\",\"-\",\"-\",\"-\",\"-\",\"-\",\"-\",\"-\",\"-\",\"-\",\"-\",\"-\",\"-\",\"-\",\"-\",\"-\",\"-\",\"-\",\"-\",\"-\",\"-\",\"-\",\"-\",\"-\",\"-\",\"-\",\"-\",\"-\",\"-\",\"-\",\"-\",\"-\",\"-\",\"-\",\"-\",\"-\",\"-\",\"-\",\"-\",\"-\",\"-\",\"-\",\"-\",\"-\",\"-\",\"-\",\"-\",\"-\",\"-\",\"-\",\"-\",\"-\",\"-\",\"-\",\"-\",\"-\",\"-\",\"-\",\"-\",\"-\",\"-\",\"-\",\"-\",\"-\",\"-\",\"-\",\"-\",\"-\",\"-\",\"-\",\"-\",\"-\",\"-\",\"-\",\"-\",\"-\",\"-\"],[\"-\",\"-\",\"-\",\"-\",\"-\",\"-\",\"-\",\"-\",\"-\",\"-\",\"-\",\"-\",\"-\",\"-\",\"-\",\"-\",\"-\",\"-\",\"-\",\"-\",\"-\",\"-\",\"-\",\"-\",\"-\",\"-\",\"-\",\"-\",\"-\",\"-\",\"-\",\"-\",\"-\",\"-\",\"-\",\"-\",\"-\",\"-\",\"-\",\"-\",\"-\",\"-\",\"-\",\"-\",\"-\",\"-\",\"-\",\"-\",\"-\",\"-\",\"-\",\"-\",\"-\",\"-\",\"-\",\"-\",\"-\",\"-\",\"-\",\"-\",\"-\",\"-\",\"-\",\"-\",\"-\",\"-\",\"-\",\"-\",\"-\",\"-\",\"-\",\"-\",\"-\",\"-\",\"-\",\"-\",\"-\",\"-\",\"-\",\"-\",\"-\",\"-\",\"-\",\"-\",\"-\",\"-\",\"-\",\"-\",\"-\",\"-\",\"-\",\"-\",\"-\",\"-\",\"-\",\"-\",\"-\",\"-\",\"-\",\"-\",\"-\",\"-\",\"-\",\"-\",\"-\",\"-\",\"-\",\"-\",\"-\",\"-\",\"-\",\"-\",\"-\",\"-\",\"-\",\"-\",\"-\",\"-\",\"-\",\"-\",\"-\",\"-\",\"-\",\"-\",\"-\",\"-\",\"-\",\"-\",\"-\",\"-\",\"-\",\"-\",\"-\",\"-\",\"-\",\"-\",\"-\",\"-\",\"-\",\"-\"],[\"-\",\"-\",\"-\",\"-\",\"-\",\"-\",\"-\",\"-\",\"-\",\"-\",\"-\",\"-\",\"-\",\"-\",\"-\",\"-\",\"-\",\"-\",\"-\",\"-\",\"-\",\"-\",\"-\",\"-\",\"-\",\"-\",\"-\",\"-\",\"-\",\"-\",\"-\",\"-\",\"-\",\"-\",\"-\",\"-\",\"-\",\"-\",\"-\",\"-\",\"-\",\"-\",\"-\",\"-\",\"-\",\"-\",\"-\",\"-\",\"-\",\"-\",\"-\",\"-\",\"-\",\"-\",\"-\",\"-\",\"-\",\"-\",\"-\",\"-\",\"-\",\"-\",\"-\",\"-\",\"-\",\"-\",\"-\",\"-\",\"-\",\"-\",\"-\",\"-\",\"-\",\"-\",\"-\",\"-\",\"-\",\"-\",\"-\",\"-\",\"-\",\"-\",\"-\",\"-\",\"-\",\"-\",\"-\",\"-\",\"-\",\"-\",\"-\",\"-\",\"-\",\"-\",\"-\",\"-\",\"-\",\"-\",\"-\",\"-\",\"-\",\"-\",\"-\",\"-\",\"-\",\"-\",\"-\",\"-\",\"-\",\"-\",\"-\",\"-\",\"-\",\"-\",\"-\",\"-\",\"-\",\"-\",\"-\",\"-\",\"-\",\"-\",\"-\",\"-\",\"-\",\"-\",\"-\",\"-\",\"-\",\"-\",\"-\",\"-\",\"-\",\"-\",\"-\",\"-\",\"-\",\"-\",\"-\",\"-\"],[\"-\",\"-\",\"-\",\"-\",\"-\",\"-\",\"-\",\"-\",\"-\",\"-\",\"-\",\"-\",\"-\",\"-\",\"-\",\"-\",\"-\",\"-\",\"-\",\"-\",\"-\",\"-\",\"-\",\"-\",\"-\",\"-\",\"-\",\"-\",\"-\",\"-\",\"-\",\"-\",\"-\",\"-\",\"-\",\"-\",\"-\",\"-\",\"-\",\"-\",\"-\",\"-\",\"-\",\"-\",\"-\",\"-\",\"-\",\"-\",\"-\",\"-\",\"-\",\"-\",\"-\",\"-\",\"-\",\"-\",\"-\",\"-\",\"-\",\"-\",\"-\",\"-\",\"-\",\"-\",\"-\",\"-\",\"-\",\"-\",\"-\",\"-\",\"-\",\"-\",\"-\",\"-\",\"-\",\"-\",\"-\",\"-\",\"-\",\"-\",\"-\",\"-\",\"-\",\"-\",\"-\",\"-\",\"-\",\"-\",\"-\",\"-\",\"-\",\"-\",\"-\",\"-\",\"-\",\"-\",\"-\",\"-\",\"-\",\"-\",\"-\",\"-\",\"-\",\"-\",\"-\",\"-\",\"-\",\"-\",\"-\",\"-\",\"-\",\"-\",\"-\",\"-\",\"-\",\"-\",\"-\",\"-\",\"-\",\"-\",\"-\",\"-\",\"-\",\"-\",\"-\",\"-\",\"-\",\"-\",\"-\",\"-\",\"-\",\"-\",\"-\",\"-\",\"-\",\"-\",\"-\",\"-\",\"-\",\"-\"],[\"-\",\"-\",\"-\",\"-\",\"-\",\"-\",\"-\",\"-\",\"-\",\"-\",\"-\",\"-\",\"-\",\"-\",\"-\",\"-\",\"-\",\"-\",\"-\",\"-\",\"-\",\"-\",\"-\",\"-\",\"-\",\"-\",\"-\",\"-\",\"-\",\"-\",\"-\",\"-\",\"-\",\"-\",\"-\",\"-\",\"-\",\"-\",\"-\",\"-\",\"-\",\"-\",\"-\",\"-\",\"-\",\"-\",\"-\",\"-\",\"-\",\"-\",\"-\",\"-\",\"-\",\"-\",\"-\",\"-\",\"-\",\"-\",\"-\",\"-\",\"-\",\"-\",\"-\",\"-\",\"-\",\"-\",\"-\",\"-\",\"-\",\"-\",\"-\",\"-\",\"-\",\"-\",\"-\",\"-\",\"-\",\"-\",\"-\",\"-\",\"-\",\"-\",\"-\",\"-\",\"-\",\"-\",\"-\",\"-\",\"-\",\"-\",\"-\",\"-\",\"-\",\"-\",\"-\",\"-\",\"-\",\"-\",\"-\",\"-\",\"-\",\"-\",\"-\",\"-\",\"-\",\"-\",\"-\",\"-\",\"-\",\"-\",\"-\",\"-\",\"-\",\"-\",\"-\",\"-\",\"-\",\"-\",\"-\",\"-\",\"-\",\"-\",\"-\",\"-\",\"-\",\"-\",\"-\",\"-\",\"-\",\"-\",\"-\",\"-\",\"-\",\"-\",\"-\",\"-\",\"-\",\"-\",\"-\",\"-\"],[\"-\",\"-\",\"-\",\"-\",\"-\",\"-\",\"-\",\"-\",\"-\",\"-\",\"-\",\"-\",\"-\",\"-\",\"-\",\"-\",\"-\",\"-\",\"-\",\"-\",\"-\",\"-\",\"-\",\"-\",\"-\",\"-\",\"-\",\"-\",\"-\",\"-\",\"-\",\"-\",\"-\",\"-\",\"-\",\"-\",\"-\",\"-\",\"-\",\"-\",\"-\",\"-\",\"-\",\"-\",\"-\",\"-\",\"-\",\"-\",\"-\",\"-\",\"-\",\"-\",\"-\",\"-\",\"-\",\"-\",\"-\",\"-\",\"-\",\"-\",\"-\",\"-\",\"-\",\"-\",\"-\",\"-\",\"-\",\"-\",\"-\",\"-\",\"-\",\"-\",\"-\",\"-\",\"-\",\"-\",\"-\",\"-\",\"-\",\"-\",\"-\",\"-\",\"-\",\"-\",\"-\",\"-\",\"-\",\"-\",\"-\",\"-\",\"-\",\"-\",\"-\",\"-\",\"-\",\"-\",\"-\",\"-\",\"-\",\"-\",\"-\",\"-\",\"-\",\"-\",\"-\",\"-\",\"-\",\"-\",\"-\",\"-\",\"-\",\"-\",\"-\",\"-\",\"-\",\"-\",\"-\",\"-\",\"-\",\"-\",\"-\",\"-\",\"-\",\"-\",\"-\",\"-\",\"-\",\"-\",\"-\",\"-\",\"-\",\"-\",\"-\",\"-\",\"-\",\"-\",\"-\",\"-\",\"-\",\"-\"],[\"-\",\"-\",\"-\",\"-\",\"-\",\"-\",\"-\",\"-\",\"-\",\"-\",\"-\",\"-\",\"-\",\"-\",\"-\",\"-\",\"-\",\"-\",\"-\",\"-\",\"-\",\"-\",\"-\",\"-\",\"-\",\"-\",\"-\",\"-\",\"-\",\"-\",\"-\",\"-\",\"-\",\"-\",\"-\",\"-\",\"-\",\"-\",\"-\",\"-\",\"-\",\"-\",\"-\",\"-\",\"-\",\"-\",\"-\",\"-\",\"-\",\"-\",\"-\",\"-\",\"-\",\"-\",\"-\",\"-\",\"-\",\"-\",\"-\",\"-\",\"-\",\"-\",\"-\",\"-\",\"-\",\"-\",\"-\",\"-\",\"-\",\"-\",\"-\",\"-\",\"-\",\"-\",\"-\",\"-\",\"-\",\"-\",\"-\",\"-\",\"-\",\"-\",\"-\",\"-\",\"-\",\"-\",\"-\",\"-\",\"-\",\"-\",\"-\",\"-\",\"-\",\"-\",\"-\",\"-\",\"-\",\"-\",\"-\",\"-\",\"-\",\"-\",\"-\",\"-\",\"-\",\"-\",\"-\",\"-\",\"-\",\"-\",\"-\",\"-\",\"-\",\"-\",\"-\",\"-\",\"-\",\"-\",\"-\",\"-\",\"-\",\"-\",\"-\",\"-\",\"-\",\"-\",\"-\",\"-\",\"-\",\"-\",\"-\",\"-\",\"-\",\"-\",\"-\",\"-\",\"-\",\"-\",\"-\",\"-\"],[\"-\",\"-\",\"-\",\"-\",\"-\",\"-\",\"-\",\"-\",\"-\",\"-\",\"-\",\"-\",\"-\",\"-\",\"-\",\"-\",\"-\",\"-\",\"-\",\"-\",\"-\",\"-\",\"-\",\"-\",\"-\",\"-\",\"-\",\"-\",\"-\",\"-\",\"-\",\"-\",\"-\",\"-\",\"-\",\"-\",\"-\",\"-\",\"-\",\"-\",\"-\",\"-\",\"-\",\"-\",\"-\",\"-\",\"-\",\"-\",\"-\",\"-\",\"-\",\"-\",\"-\",\"-\",\"-\",\"-\",\"-\",\"-\",\"-\",\"-\",\"-\",\"-\",\"-\",\"-\",\"-\",\"-\",\"-\",\"-\",\"-\",\"-\",\"-\",\"-\",\"-\",\"-\",\"-\",\"-\",\"-\",\"-\",\"-\",\"-\",\"-\",\"-\",\"-\",\"-\",\"-\",\"-\",\"-\",\"-\",\"-\",\"-\",\"-\",\"-\",\"-\",\"-\",\"-\",\"-\",\"-\",\"-\",\"-\",\"-\",\"-\",\"-\",\"-\",\"-\",\"-\",\"-\",\"-\",\"-\",\"-\",\"-\",\"-\",\"-\",\"-\",\"-\",\"-\",\"-\",\"-\",\"-\",\"-\",\"-\",\"-\",\"-\",\"-\",\"-\",\"-\",\"-\",\"-\",\"-\",\"-\",\"-\",\"-\",\"-\",\"-\",\"-\",\"-\",\"-\",\"-\",\"-\",\"-\",\"-\"],[\"-\",\"-\",\"-\",\"-\",\"-\",\"-\",\"-\",\"-\",\"-\",\"-\",\"-\",\"-\",\"-\",\"-\",\"-\",\"-\",\"-\",\"-\",\"-\",\"-\",\"-\",\"-\",\"-\",\"-\",\"-\",\"-\",\"-\",\"-\",\"-\",\"-\",\"-\",\"-\",\"-\",\"-\",\"-\",\"-\",\"-\",\"-\",\"-\",\"-\",\"-\",\"-\",\"-\",\"-\",\"-\",\"-\",\"-\",\"-\",\"-\",\"-\",\"-\",\"-\",\"-\",\"-\",\"-\",\"-\",\"-\",\"-\",\"-\",\"-\",\"-\",\"-\",\"-\",\"-\",\"-\",\"-\",\"-\",\"-\",\"-\",\"-\",\"-\",\"-\",\"-\",\"-\",\"-\",\"-\",\"-\",\"-\",\"-\",\"-\",\"-\",\"-\",\"-\",\"-\",\"-\",\"-\",\"-\",\"-\",\"-\",\"-\",\"-\",\"-\",\"-\",\"-\",\"-\",\"-\",\"-\",\"-\",\"-\",\"-\",\"-\",\"-\",\"-\",\"-\",\"-\",\"-\",\"-\",\"-\",\"-\",\"-\",\"-\",\"-\",\"-\",\"-\",\"-\",\"-\",\"-\",\"-\",\"-\",\"-\",\"-\",\"-\",\"-\",\"-\",\"-\",\"-\",\"-\",\"-\",\"-\",\"-\",\"-\",\"-\",\"-\",\"-\",\"-\",\"-\",\"-\",\"-\",\"-\",\"-\"],[\"-\",\"-\",\"-\",\"-\",\"-\",\"-\",\"-\",\"-\",\"-\",\"-\",\"-\",\"-\",\"-\",\"-\",\"-\",\"-\",\"-\",\"-\",\"-\",\"-\",\"-\",\"-\",\"-\",\"-\",\"-\",\"-\",\"-\",\"-\",\"-\",\"-\",\"-\",\"-\",\"-\",\"-\",\"-\",\"-\",\"-\",\"-\",\"-\",\"-\",\"-\",\"-\",\"-\",\"-\",\"-\",\"-\",\"-\",\"-\",\"-\",\"-\",\"-\",\"-\",\"-\",\"-\",\"-\",\"-\",\"-\",\"-\",\"-\",\"-\",\"-\",\"-\",\"-\",\"-\",\"-\",\"-\",\"-\",\"-\",\"-\",\"-\",\"-\",\"-\",\"-\",\"-\",\"-\",\"-\",\"-\",\"-\",\"-\",\"-\",\"-\",\"-\",\"-\",\"-\",\"-\",\"-\",\"-\",\"-\",\"-\",\"-\",\"-\",\"-\",\"-\",\"-\",\"-\",\"-\",\"-\",\"-\",\"-\",\"-\",\"-\",\"-\",\"-\",\"-\",\"-\",\"-\",\"-\",\"-\",\"-\",\"-\",\"-\",\"-\",\"-\",\"-\",\"-\",\"-\",\"-\",\"-\",\"-\",\"-\",\"-\",\"-\",\"-\",\"-\",\"-\",\"-\",\"-\",\"-\",\"-\",\"-\",\"-\",\"-\",\"-\",\"-\",\"-\",\"-\",\"-\",\"-\",\"-\",\"-\"],[\"-\",\"-\",\"-\",\"-\",\"-\",\"-\",\"-\",\"-\",\"-\",\"-\",\"-\",\"-\",\"-\",\"-\",\"-\",\"-\",\"-\",\"-\",\"-\",\"-\",\"-\",\"-\",\"-\",\"-\",\"-\",\"-\",\"-\",\"-\",\"-\",\"-\",\"-\",\"-\",\"-\",\"-\",\"-\",\"-\",\"-\",\"-\",\"-\",\"-\",\"-\",\"-\",\"-\",\"-\",\"-\",\"-\",\"-\",\"-\",\"-\",\"-\",\"-\",\"-\",\"-\",\"-\",\"-\",\"-\",\"-\",\"-\",\"-\",\"-\",\"-\",\"-\",\"-\",\"-\",\"-\",\"-\",\"-\",\"-\",\"-\",\"-\",\"-\",\"-\",\"-\",\"-\",\"-\",\"-\",\"-\",\"-\",\"-\",\"-\",\"-\",\"-\",\"-\",\"-\",\"-\",\"-\",\"-\",\"-\",\"-\",\"-\",\"-\",\"-\",\"-\",\"-\",\"-\",\"-\",\"-\",\"-\",\"-\",\"-\",\"-\",\"-\",\"-\",\"-\",\"-\",\"-\",\"-\",\"-\",\"-\",\"-\",\"-\",\"-\",\"-\",\"-\",\"-\",\"-\",\"-\",\"-\",\"-\",\"-\",\"-\",\"-\",\"-\",\"-\",\"-\",\"-\",\"-\",\"-\",\"-\",\"-\",\"-\",\"-\",\"-\",\"-\",\"-\",\"-\",\"-\",\"-\",\"-\",\"-\"],[\"-\",\"-\",\"-\",\"-\",\"-\",\"-\",\"-\",\"-\",\"-\",\"-\",\"-\",\"-\",\"-\",\"-\",\"-\",\"-\",\"-\",\"-\",\"-\",\"-\",\"-\",\"-\",\"-\",\"-\",\"-\",\"-\",\"-\",\"-\",\"-\",\"-\",\"-\",\"-\",\"-\",\"-\",\"-\",\"-\",\"-\",\"-\",\"-\",\"-\",\"-\",\"-\",\"-\",\"-\",\"-\",\"-\",\"-\",\"-\",\"-\",\"-\",\"-\",\"-\",\"-\",\"-\",\"-\",\"-\",\"-\",\"-\",\"-\",\"-\",\"-\",\"-\",\"-\",\"-\",\"-\",\"-\",\"-\",\"-\",\"-\",\"-\",\"-\",\"-\",\"-\",\"-\",\"-\",\"-\",\"-\",\"-\",\"-\",\"-\",\"-\",\"-\",\"-\",\"-\",\"-\",\"-\",\"-\",\"-\",\"-\",\"-\",\"-\",\"-\",\"-\",\"-\",\"-\",\"-\",\"-\",\"-\",\"-\",\"-\",\"-\",\"-\",\"-\",\"-\",\"-\",\"-\",\"-\",\"-\",\"-\",\"-\",\"-\",\"-\",\"-\",\"-\",\"-\",\"-\",\"-\",\"-\",\"-\",\"-\",\"-\",\"-\",\"-\",\"-\",\"-\",\"-\",\"-\",\"-\",\"-\",\"-\",\"-\",\"-\",\"-\",\"-\",\"-\",\"-\",\"-\",\"-\",\"-\",\"-\"],[\"-\",\"-\",\"-\",\"-\",\"-\",\"-\",\"-\",\"-\",\"-\",\"-\",\"-\",\"-\",\"-\",\"-\",\"-\",\"-\",\"-\",\"-\",\"-\",\"-\",\"-\",\"-\",\"-\",\"-\",\"-\",\"-\",\"-\",\"-\",\"-\",\"-\",\"-\",\"-\",\"-\",\"-\",\"-\",\"-\",\"-\",\"-\",\"-\",\"-\",\"-\",\"-\",\"-\",\"-\",\"-\",\"-\",\"-\",\"-\",\"-\",\"-\",\"-\",\"-\",\"-\",\"-\",\"-\",\"-\",\"-\",\"-\",\"-\",\"-\",\"-\",\"-\",\"-\",\"-\",\"-\",\"-\",\"-\",\"-\",\"-\",\"-\",\"-\",\"-\",\"-\",\"-\",\"-\",\"-\",\"-\",\"-\",\"-\",\"-\",\"-\",\"-\",\"-\",\"-\",\"-\",\"-\",\"-\",\"-\",\"-\",\"-\",\"-\",\"-\",\"-\",\"-\",\"-\",\"-\",\"-\",\"-\",\"-\",\"-\",\"-\",\"-\",\"-\",\"-\",\"-\",\"-\",\"-\",\"-\",\"-\",\"-\",\"-\",\"-\",\"-\",\"-\",\"-\",\"-\",\"-\",\"-\",\"-\",\"-\",\"-\",\"-\",\"-\",\"-\",\"-\",\"-\",\"-\",\"-\",\"-\",\"-\",\"-\",\"-\",\"-\",\"-\",\"-\",\"-\",\"-\",\"-\",\"-\",\"-\"],[\"-\",\"-\",\"-\",\"-\",\"-\",\"-\",\"-\",\"-\",\"-\",\"-\",\"-\",\"-\",\"-\",\"-\",\"-\",\"-\",\"-\",\"-\",\"-\",\"-\",\"-\",\"-\",\"-\",\"-\",\"-\",\"-\",\"-\",\"-\",\"-\",\"-\",\"-\",\"-\",\"-\",\"-\",\"-\",\"-\",\"-\",\"-\",\"-\",\"-\",\"-\",\"-\",\"-\",\"-\",\"-\",\"-\",\"-\",\"-\",\"-\",\"-\",\"-\",\"-\",\"-\",\"-\",\"-\",\"-\",\"-\",\"-\",\"-\",\"-\",\"-\",\"-\",\"-\",\"-\",\"-\",\"-\",\"-\",\"-\",\"-\",\"-\",\"-\",\"-\",\"-\",\"-\",\"-\",\"-\",\"-\",\"-\",\"-\",\"-\",\"-\",\"-\",\"-\",\"-\",\"-\",\"-\",\"-\",\"-\",\"-\",\"-\",\"-\",\"-\",\"-\",\"-\",\"-\",\"-\",\"-\",\"-\",\"-\",\"-\",\"-\",\"-\",\"-\",\"-\",\"-\",\"-\",\"-\",\"-\",\"-\",\"-\",\"-\",\"-\",\"-\",\"-\",\"-\",\"-\",\"-\",\"-\",\"-\",\"-\",\"-\",\"-\",\"-\",\"-\",\"-\",\"-\",\"-\",\"-\",\"-\",\"-\",\"-\",\"-\",\"-\",\"-\",\"-\",\"-\",\"-\",\"-\",\"-\",\"-\"],[\"-\",\"-\",\"-\",\"-\",\"-\",\"-\",\"-\",\"-\",\"-\",\"-\",\"-\",\"-\",\"-\",\"-\",\"-\",\"-\",\"-\",\"-\",\"-\",\"-\",\"-\",\"-\",\"-\",\"-\",\"-\",\"-\",\"-\",\"-\",\"-\",\"-\",\"-\",\"-\",\"-\",\"-\",\"-\",\"-\",\"-\",\"-\",\"-\",\"-\",\"-\",\"-\",\"-\",\"-\",\"-\",\"-\",\"-\",\"-\",\"-\",\"-\",\"-\",\"-\",\"-\",\"-\",\"-\",\"-\",\"-\",\"-\",\"-\",\"-\",\"-\",\"-\",\"-\",\"-\",\"-\",\"-\",\"-\",\"-\",\"-\",\"-\",\"-\",\"-\",\"-\",\"-\",\"-\",\"-\",\"-\",\"-\",\"-\",\"-\",\"-\",\"-\",\"-\",\"-\",\"-\",\"-\",\"-\",\"-\",\"-\",\"-\",\"-\",\"-\",\"-\",\"-\",\"-\",\"-\",\"-\",\"-\",\"-\",\"-\",\"-\",\"-\",\"-\",\"-\",\"-\",\"-\",\"-\",\"-\",\"-\",\"-\",\"-\",\"-\",\"-\",\"-\",\"-\",\"-\",\"-\",\"-\",\"-\",\"-\",\"-\",\"-\",\"-\",\"-\",\"-\",\"-\",\"-\",\"-\",\"-\",\"-\",\"-\",\"-\",\"-\",\"-\",\"-\",\"-\",\"-\",\"-\",\"-\",\"-\"],[\"-\",\"-\",\"-\",\"-\",\"-\",\"-\",\"-\",\"-\",\"-\",\"-\",\"-\",\"-\",\"-\",\"-\",\"-\",\"-\",\"-\",\"-\",\"-\",\"-\",\"-\",\"-\",\"-\",\"-\",\"-\",\"-\",\"-\",\"-\",\"-\",\"-\",\"-\",\"-\",\"-\",\"-\",\"-\",\"-\",\"-\",\"-\",\"-\",\"-\",\"-\",\"-\",\"-\",\"-\",\"-\",\"-\",\"-\",\"-\",\"-\",\"-\",\"-\",\"-\",\"-\",\"-\",\"-\",\"-\",\"-\",\"-\",\"-\",\"-\",\"-\",\"-\",\"-\",\"-\",\"-\",\"-\",\"-\",\"-\",\"-\",\"-\",\"-\",\"-\",\"-\",\"-\",\"-\",\"-\",\"-\",\"-\",\"-\",\"-\",\"-\",\"-\",\"-\",\"-\",\"-\",\"-\",\"-\",\"-\",\"-\",\"-\",\"-\",\"-\",\"-\",\"-\",\"-\",\"-\",\"-\",\"-\",\"-\",\"-\",\"-\",\"-\",\"-\",\"-\",\"-\",\"-\",\"-\",\"-\",\"-\",\"-\",\"-\",\"-\",\"-\",\"-\",\"-\",\"-\",\"-\",\"-\",\"-\",\"-\",\"-\",\"-\",\"-\",\"-\",\"-\",\"-\",\"-\",\"-\",\"-\",\"-\",\"-\",\"-\",\"-\",\"-\",\"-\",\"-\",\"-\",\"-\",\"-\",\"-\"],[\"-\",\"-\",\"-\",\"-\",\"-\",\"-\",\"-\",\"-\",\"-\",\"-\",\"-\",\"-\",\"-\",\"-\",\"-\",\"-\",\"-\",\"-\",\"-\",\"-\",\"-\",\"-\",\"-\",\"-\",\"-\",\"-\",\"-\",\"-\",\"-\",\"-\",\"-\",\"-\",\"-\",\"-\",\"-\",\"-\",\"-\",\"-\",\"-\",\"-\",\"-\",\"-\",\"-\",\"-\",\"-\",\"-\",\"-\",\"-\",\"-\",\"-\",\"-\",\"-\",\"-\",\"-\",\"-\",\"-\",\"-\",\"-\",\"-\",\"-\",\"-\",\"-\",\"-\",\"-\",\"-\",\"-\",\"-\",\"-\",\"-\",\"-\",\"-\",\"-\",\"-\",\"-\",\"-\",\"-\",\"-\",\"-\",\"-\",\"-\",\"-\",\"-\",\"-\",\"-\",\"-\",\"-\",\"-\",\"-\",\"-\",\"-\",\"-\",\"-\",\"-\",\"-\",\"-\",\"-\",\"-\",\"-\",\"-\",\"-\",\"-\",\"-\",\"-\",\"-\",\"-\",\"-\",\"-\",\"-\",\"-\",\"-\",\"-\",\"-\",\"-\",\"-\",\"-\",\"-\",\"-\",\"-\",\"-\",\"-\",\"-\",\"-\",\"-\",\"-\",\"-\",\"-\",\"-\",\"-\",\"-\",\"-\",\"-\",\"-\",\"-\",\"-\",\"-\",\"-\",\"-\",\"-\",\"-\",\"-\"],[\"-\",\"-\",\"-\",\"-\",\"-\",\"-\",\"-\",\"-\",\"-\",\"-\",\"-\",\"-\",\"-\",\"-\",\"-\",\"-\",\"-\",\"-\",\"-\",\"-\",\"-\",\"-\",\"-\",\"-\",\"-\",\"-\",\"-\",\"-\",\"-\",\"-\",\"-\",\"-\",\"-\",\"-\",\"-\",\"-\",\"-\",\"-\",\"-\",\"-\",\"-\",\"-\",\"-\",\"-\",\"-\",\"-\",\"-\",\"-\",\"-\",\"-\",\"-\",\"-\",\"-\",\"-\",\"-\",\"-\",\"-\",\"-\",\"-\",\"-\",\"-\",\"-\",\"-\",\"-\",\"-\",\"-\",\"-\",\"-\",\"-\",\"-\",\"-\",\"-\",\"-\",\"-\",\"-\",\"-\",\"-\",\"-\",\"-\",\"-\",\"-\",\"-\",\"-\",\"-\",\"-\",\"-\",\"-\",\"-\",\"-\",\"-\",\"-\",\"-\",\"-\",\"-\",\"-\",\"-\",\"-\",\"-\",\"-\",\"-\",\"-\",\"-\",\"-\",\"-\",\"-\",\"-\",\"-\",\"-\",\"-\",\"-\",\"-\",\"-\",\"-\",\"-\",\"-\",\"-\",\"-\",\"-\",\"-\",\"-\",\"-\",\"-\",\"-\",\"-\",\"-\",\"-\",\"-\",\"-\",\"-\",\"-\",\"-\",\"-\",\"-\",\"-\",\"-\",\"-\",\"-\",\"-\",\"-\",\"-\"]]'),
(4475, 100, 'aukko_mallityypit', '[\"A\"]'),
(19419, 30, 'pr_id', '30'),
(19420, 30, 'pr_name', 'Palsbo L11'),
(19421, 30, 'pr_type', ''),
(19422, 30, 'chosen_jarjestelma', 'Delta'),
(19423, 30, 's_settings', ''),
(19424, 30, 's_materials', ''),
(19425, 30, 'prc_1', 'Marko Virtanen'),
(19426, 30, 'prc_1_role', 'kommentointi'),
(19427, 30, 'prc_1_permission', '1'),
(19428, 30, 'prc_1_hiding', ''),
(19429, 30, 'prc_1_puh', '+358405206942'),
(19430, 30, 'prc_1_email', 'marko.virtanen@kiipeilytekniikka.com'),
(19431, 30, 'prc_2', 'marko'),
(19432, 30, 'prc_2_role', 'saaja'),
(19433, 30, 'prc_2_permission', '1'),
(19434, 30, 'prc_2_hiding', ''),
(19435, 30, 'prc_2_puh', '0405206942'),
(19436, 30, 'prc_2_email', 'editori@westface.fi'),
(19437, 30, 'prc_3', 'Sampsa Jyrkynen'),
(19438, 30, 'prc_3_role', 'saaja'),
(19439, 30, 'prc_3_permission', '1'),
(19440, 30, 'prc_3_hiding', ''),
(19441, 30, 'prc_3_puh', '+358445768976'),
(19442, 30, 'prc_3_email', 'sampsa.jyrkynen@kiipeilytekniikka.com'),
(19443, 30, 'prc_4', 'Severi Lainevuo'),
(19444, 30, 'prc_4_role', 'mittaus'),
(19445, 30, 'prc_4_permission', '1'),
(19446, 30, 'prc_4_hiding', ''),
(19447, 30, 'prc_4_puh', '+358406856299'),
(19448, 30, 'prc_4_email', 'severi.lainevuo@westface.fi'),
(19449, 30, 'prc_5', 'Jari Rannanjarvi'),
(19450, 30, 'prc_5_role', 'mittaus'),
(19451, 30, 'prc_5_permission', '1'),
(19452, 30, 'prc_5_hiding', ''),
(19453, 30, 'prc_5_puh', '+358456357793'),
(19454, 30, 'prc_5_email', 'jari.rannanjarvi@kiipeilytekniikka.com'),
(19455, 30, 'prc_6', 'Timo Koskinen'),
(19456, 30, 'prc_6_role', 'kommentointi'),
(19457, 30, 'prc_6_permission', '1'),
(19458, 30, 'prc_6_hiding', ''),
(19459, 30, 'prc_6_puh', '+358440331340'),
(19460, 30, 'prc_6_email', 'timo.koskinen@msn.com'),
(19461, 30, 'prc_7', 'Denis Khasanov'),
(19462, 30, 'prc_7_role', 'kommentointi'),
(19463, 30, 'prc_7_permission', '1'),
(19464, 30, 'prc_7_hiding', ''),
(19465, 30, 'prc_7_puh', '+358468909804'),
(19466, 30, 'prc_7_email', 'shinexo1@mail.ru'),
(19467, 30, 'prc_8', 'Jarno Himmela'),
(19468, 30, 'prc_8_role', 'kommentointi'),
(19469, 30, 'prc_8_permission', ''),
(19470, 30, 'prc_8_hiding', ''),
(19471, 30, 'prc_8_puh', '+358400569659'),
(19472, 30, 'prc_8_email', 'himmi00@icloud.com'),
(19473, 30, 'prc_9', 'Henri Luostarinen'),
(19474, 30, 'prc_9_role', 'kommentointi'),
(19475, 30, 'prc_9_permission', ''),
(19476, 30, 'prc_9_hiding', ''),
(19477, 30, 'prc_9_puh', '+3587502200'),
(19478, 30, 'prc_9_email', 'henri.luostarinen@kiipeilytekniikka.com'),
(19479, 30, 'prc_10', ''),
(19480, 30, 'prc_10_role', ''),
(19481, 30, 'prc_10_permission', ''),
(19482, 30, 'prc_10_hiding', ''),
(19483, 30, 'prc_10_puh', ''),
(19484, 30, 'prc_10_email', ''),
(19485, 30, 'prc_11', ''),
(19486, 30, 'prc_11_role', ''),
(19487, 30, 'prc_11_permission', ''),
(19488, 30, 'prc_11_hiding', ''),
(19489, 30, 'prc_11_puh', ''),
(19490, 30, 'prc_11_email', ''),
(19491, 30, 'a_pr_krs', ''),
(19492, 30, 'a_pr_rap', ''),
(19493, 30, 'b_pr_krs', ''),
(19494, 30, 'b_pr_rap', ''),
(19495, 30, 'c_pr_krs', ''),
(19496, 30, 'c_pr_rap', ''),
(19497, 30, 'd_pr_krs', ''),
(19498, 30, 'd_pr_rap', ''),
(19499, 30, 'e_pr_krs', ''),
(19500, 30, 'e_pr_rap', ''),
(19501, 30, 'f_pr_krs', ''),
(19502, 30, 'f_pr_rap', ''),
(19503, 30, 'a_rooms', '[{\"name\":\"L11A300 <br> PORRAS <br> Yleinen\",\"positionX\":7,\"positionY\":1,\"a_room\":\"13~undone~1|1~2200|4000~~~~~\",\"b_room\":\"13~undone~1|1~2200|2200~~~~~\",\"c_room\":\"13~undone~1|1~2200|4000~~~~~\",\"d_room\":\"13~undone~1|1~2200|2200~~~~~\",\"k_room\":\"13~undone~1|1~2200|4000~~~~~\",\"l_room\":\"13~undone~1|1~2200|4000~~~~~\"},{\"name\":\"L11A300A <br> WC <br> Yleinen\",\"positionX\":7,\"positionY\":2,\"a_room\":\"13~undone~1|1~2200|4000~~~~~\",\"b_room\":\"13~undone~1|1~2200|2200~~~~~\",\"c_room\":\"13~undone~1|1~2200|4000~~~~~\",\"d_room\":\"13~undone~1|1~2200|2200~~~~~\",\"k_room\":\"13~undone~1|1~2200|4000~~~~~\",\"l_room\":\"13~undone~1|1~2200|4000~~~~~\"},{\"name\":\"L11A301 <br> TSTOsis <br> Karl_Vi\",\"positionX\":7,\"positionY\":3,\"a_room\":\"13~undone~1|1~2200|4000~~~~~\",\"b_room\":\"13~undone~1|1~2200|2200~~~~~\",\"c_room\":\"13~undone~1|1~2200|4000~~~~~\",\"d_room\":\"13~undone~1|1~2200|2200~~~~~\",\"k_room\":\"13~undone~1|1~2200|4000~~~~~\",\"l_room\":\"13~undone~1|1~2200|4000~~~~~\"},{\"name\":\"L11A302 <br> TSTOsis <br> Tyhjä\",\"positionX\":7,\"positionY\":4,\"a_room\":\"13~undone~1|1~2200|4000~~~~~\",\"b_room\":\"13~undone~1|1~2200|2200~~~~~\",\"c_room\":\"13~undone~1|1~2200|4000~~~~~\",\"d_room\":\"13~undone~1|1~2200|2200~~~~~\",\"k_room\":\"13~undone~1|1~2200|4000~~~~~\",\"l_room\":\"13~undone~1|1~2200|4000~~~~~\"},{\"name\":\"L11A305 <br> TSTOtie <br> Tyhjä\",\"positionX\":7,\"positionY\":5,\"a_room\":\"13~undone~1|1~2200|4000~~~~~\",\"b_room\":\"13~undone~1|1~2200|2200~~~~~\",\"c_room\":\"13~undone~1|1~2200|4000~~~~~\",\"d_room\":\"13~undone~1|1~2200|2200~~~~~\",\"k_room\":\"13~undone~1|1~2200|4000~~~~~\",\"l_room\":\"13~undone~1|1~2200|4000~~~~~\"},{\"name\":\"L11A306 <br> TSTOtie <br> Juho_Ma\",\"positionX\":7,\"positionY\":6,\"a_room\":\"13~undone~1|1~2200|4000~~~~~\",\"b_room\":\"13~undone~1|1~2200|2200~~~~~\",\"c_room\":\"13~undone~1|1~2200|4000~~~~~\",\"d_room\":\"13~undone~1|1~2200|2200~~~~~\",\"k_room\":\"13~undone~1|1~2200|4000~~~~~\",\"l_room\":\"13~undone~1|1~2200|4000~~~~~\"},{\"name\":\"L11A309 <br> Käytävä <br> Yleinen\",\"positionX\":7,\"positionY\":7,\"a_room\":\"13~undone~1|1~2200|4000~~~~~\",\"b_room\":\"13~undone~1|1~2200|2200~~~~~\",\"c_room\":\"13~undone~1|1~2200|4000~~~~~\",\"d_room\":\"13~undone~1|1~2200|2200~~~~~\",\"k_room\":\"13~undone~1|1~2200|4000~~~~~\",\"l_room\":\"13~undone~1|1~2200|4000~~~~~\"},{\"name\":\"L11A <br> 300S <br> SähĶaappi\",\"positionX\":7,\"positionY\":10,\"a_room\":\"13~undone~1|1~2200|4000~~~~~\",\"b_room\":\"13~undone~1|1~2200|2200~~~~~\",\"c_room\":\"13~undone~1|1~2200|4000~~~~~\",\"d_room\":\"13~undone~1|1~2200|2200~~~~~\",\"k_room\":\"13~undone~1|1~2200|4000~~~~~\",\"l_room\":\"13~undone~1|1~2200|4000~~~~~\"},{\"name\":\"L11A200 <br> Porras <br> Yleinen\",\"positionX\":8,\"positionY\":1,\"a_room\":\"13~undone~1|1~2200|4000~~~~~\",\"b_room\":\"13~undone~1|1~2200|2200~~~~~\",\"c_room\":\"13~undone~1|1~2200|4000~~~~~\",\"d_room\":\"13~undone~1|1~2200|2200~~~~~\",\"k_room\":\"13~undone~1|1~2200|4000~~~~~\",\"l_room\":\"13~undone~1|1~2200|4000~~~~~\"},{\"name\":\"L11A201 <br> TSTO <br> Tyhjä\",\"positionX\":8,\"positionY\":2,\"a_room\":\"13~undone~1|1~2200|4000~~~~~\",\"b_room\":\"13~undone~1|1~2200|2200~~~~~\",\"c_room\":\"13~undone~1|1~2200|4000~~~~~\",\"d_room\":\"13~undone~1|1~2200|2200~~~~~\",\"k_room\":\"13~undone~1|1~2200|4000~~~~~\",\"l_room\":\"13~undone~1|1~2200|4000~~~~~\"},{\"name\":\"L11A202 <br> TSTO <br> Tyhjä\",\"positionX\":8,\"positionY\":3,\"a_room\":\"13~undone~1|1~2200|4000~~~~~\",\"b_room\":\"13~undone~1|1~2200|2200~~~~~\",\"c_room\":\"13~undone~1|1~2200|4000~~~~~\",\"d_room\":\"13~undone~1|1~2200|2200~~~~~\",\"k_room\":\"13~undone~1|1~2200|4000~~~~~\",\"l_room\":\"13~undone~1|1~2200|4000~~~~~\"},{\"name\":\"L11A203A <br> WC <br> Yleinen\",\"positionX\":8,\"positionY\":4,\"a_room\":\"13~undone~1|1~2200|4000~~~~~\",\"b_room\":\"13~undone~1|1~2200|2200~~~~~\",\"c_room\":\"13~undone~1|1~2200|4000~~~~~\",\"d_room\":\"13~undone~1|1~2200|2200~~~~~\",\"k_room\":\"13~undone~1|1~2200|4000~~~~~\",\"l_room\":\"13~undone~1|1~2200|4000~~~~~\"},{\"name\":\"L11A203B <br> WC <br> Yleinen\",\"positionX\":8,\"positionY\":5,\"a_room\":\"13~undone~1|1~2200|4000~~~~~\",\"b_room\":\"13~undone~1|1~2200|2200~~~~~\",\"c_room\":\"13~undone~1|1~2200|4000~~~~~\",\"d_room\":\"13~undone~1|1~2200|2200~~~~~\",\"k_room\":\"13~undone~1|1~2200|4000~~~~~\",\"l_room\":\"13~undone~1|1~2200|4000~~~~~\"},{\"name\":\"L11A204 <br> Eteinen <br> Yleinen\",\"positionX\":8,\"positionY\":6,\"a_room\":\"13~undone~1|1~2200|4000~~~~~\",\"b_room\":\"13~undone~1|1~2200|2200~~~~~\",\"c_room\":\"13~undone~1|1~2200|4000~~~~~\",\"d_room\":\"13~undone~1|1~2200|2200~~~~~\",\"k_room\":\"13~undone~1|1~2200|4000~~~~~\",\"l_room\":\"13~undone~1|1~2200|4000~~~~~\"},{\"name\":\"L11A205 <br> TSTO <br> Tyhjä\",\"positionX\":8,\"positionY\":7,\"a_room\":\"13~undone~1|1~2200|4000~~~~~\",\"b_room\":\"13~undone~1|1~2200|2200~~~~~\",\"c_room\":\"13~undone~1|1~2200|4000~~~~~\",\"d_room\":\"13~undone~1|1~2200|2200~~~~~\",\"k_room\":\"13~undone~1|1~2200|4000~~~~~\",\"l_room\":\"13~undone~1|1~2200|4000~~~~~\"},{\"name\":\"L11A206 <br> TSTO <br> Mara_L.\",\"positionX\":8,\"positionY\":8,\"a_room\":\"13~undone~1|1~2200|4000~~~~~\",\"b_room\":\"13~undone~1|1~2200|2200~~~~~\",\"c_room\":\"13~undone~1|1~2200|4000~~~~~\",\"d_room\":\"13~undone~1|1~2200|2200~~~~~\",\"k_room\":\"13~undone~1|1~2200|4000~~~~~\",\"l_room\":\"13~undone~1|1~2200|4000~~~~~\"},{\"name\":\"L11A207 <br> Varasto <br> Tyhjä\",\"positionX\":8,\"positionY\":9,\"a_room\":\"13~undone~1|1~2200|4000~~~~~\",\"b_room\":\"13~undone~1|1~2200|2200~~~~~\",\"c_room\":\"13~undone~1|1~2200|4000~~~~~\",\"d_room\":\"13~undone~1|1~2200|2200~~~~~\",\"k_room\":\"13~undone~1|1~2200|4000~~~~~\",\"l_room\":\"13~undone~1|1~2200|4000~~~~~\"},{\"name\":\"L11A <br> 200S <br> SähĶaappi\",\"positionX\":8,\"positionY\":10,\"a_room\":\"13~undone~1|1~2200|4000~~~~~\",\"b_room\":\"13~undone~1|1~2200|2200~~~~~\",\"c_room\":\"13~undone~1|1~2200|4000~~~~~\",\"d_room\":\"13~undone~1|1~2200|2200~~~~~\",\"k_room\":\"13~undone~1|1~2200|4000~~~~~\",\"l_room\":\"13~undone~1|1~2200|4000~~~~~\"},{\"name\":\"L11A100A <br> Porras <br> Yleinen\",\"positionX\":9,\"positionY\":1,\"a_room\":\"13~undone~1|1~2200|4000~~~~~\",\"b_room\":\"13~undone~1|1~2200|2200~~~~~\",\"c_room\":\"13~undone~1|1~2200|4000~~~~~\",\"d_room\":\"13~undone~1|1~2200|2200~~~~~\",\"k_room\":\"13~undone~1|1~2200|4000~~~~~\",\"l_room\":\"13~undone~1|1~2200|4000~~~~~\"},{\"name\":\"L11A100B <br> Pyorät <br> Yleinen\",\"positionX\":9,\"positionY\":2,\"a_room\":\"13~undone~1|1~2200|4000~~~~~\",\"b_room\":\"13~undone~1|1~2200|2200~~~~~\",\"c_room\":\"13~undone~1|1~2200|4000~~~~~\",\"d_room\":\"13~undone~1|1~2200|2200~~~~~\",\"k_room\":\"13~undone~1|1~2200|4000~~~~~\",\"l_room\":\"13~undone~1|1~2200|4000~~~~~\"},{\"name\":\"L11A101A <br> Myymälä <br> Finstar\",\"positionX\":9,\"positionY\":3,\"a_room\":\"13~undone~1|1~2200|4000~~~~~\",\"b_room\":\"13~undone~1|1~2200|2200~~~~~\",\"c_room\":\"13~undone~1|1~2200|4000~~~~~\",\"d_room\":\"13~undone~1|1~2200|2200~~~~~\",\"k_room\":\"13~undone~1|1~2200|4000~~~~~\",\"l_room\":\"13~undone~1|1~2200|4000~~~~~\"},{\"name\":\"L11A101B <br> Keittio <br> Finstar\",\"positionX\":9,\"positionY\":4,\"a_room\":\"13~undone~1|1~2200|4000~~~~~\",\"b_room\":\"13~undone~1|1~2200|2200~~~~~\",\"c_room\":\"13~undone~1|1~2200|4000~~~~~\",\"d_room\":\"13~undone~1|1~2200|2200~~~~~\",\"k_room\":\"13~undone~1|1~2200|4000~~~~~\",\"l_room\":\"13~undone~1|1~2200|4000~~~~~\"},{\"name\":\"L11A101 <br> Varasto <br> Finstar\",\"positionX\":9,\"positionY\":5,\"a_room\":\"13~undone~1|1~2200|4000~~~~~\",\"b_room\":\"13~undone~1|1~2200|2200~~~~~\",\"c_room\":\"13~undone~1|1~2200|4000~~~~~\",\"d_room\":\"13~undone~1|1~2200|2200~~~~~\",\"k_room\":\"13~undone~1|1~2200|4000~~~~~\",\"l_room\":\"13~undone~1|1~2200|4000~~~~~\"},{\"name\":\"L11A107A <br> Pukuhuo <br> Eteinen\",\"positionX\":9,\"positionY\":6,\"a_room\":\"13~undone~1|1~2200|4000~~~~~\",\"b_room\":\"13~undone~1|1~2200|2200~~~~~\",\"c_room\":\"13~undone~1|1~2200|4000~~~~~\",\"d_room\":\"13~undone~1|1~2200|2200~~~~~\",\"k_room\":\"13~undone~1|1~2200|4000~~~~~\",\"l_room\":\"13~undone~1|1~2200|4000~~~~~\"},{\"name\":\"L11A107B <br> Pukuhuo <br> Naiset\",\"positionX\":9,\"positionY\":7,\"a_room\":\"13~undone~1|1~2200|4000~~~~~\",\"b_room\":\"13~undone~1|1~2200|2200~~~~~\",\"c_room\":\"13~undone~1|1~2200|4000~~~~~\",\"d_room\":\"13~undone~1|1~2200|2200~~~~~\",\"k_room\":\"13~undone~1|1~2200|4000~~~~~\",\"l_room\":\"13~undone~1|1~2200|4000~~~~~\"},{\"name\":\"L11A107C <br> Pukuhuo <br> Miehet\",\"positionX\":9,\"positionY\":8,\"a_room\":\"13~undone~1|1~2200|4000~~~~~\",\"b_room\":\"13~undone~1|1~2200|2200~~~~~\",\"c_room\":\"13~undone~1|1~2200|4000~~~~~\",\"d_room\":\"13~undone~1|1~2200|2200~~~~~\",\"k_room\":\"13~undone~1|1~2200|4000~~~~~\",\"l_room\":\"13~undone~1|1~2200|4000~~~~~\"},{\"name\":\"L11B105 <br> Sähkoke <br> Pää\",\"positionX\":9,\"positionY\":9,\"a_room\":\"13~undone~1|1~2200|4000~~~~~\",\"b_room\":\"13~undone~1|1~2200|2200~~~~~\",\"c_room\":\"13~undone~1|1~2200|4000~~~~~\",\"d_room\":\"13~undone~1|1~2200|2200~~~~~\",\"k_room\":\"13~undone~1|1~2200|4000~~~~~\",\"l_room\":\"13~undone~1|1~2200|4000~~~~~\"},{\"name\":\"L11A <br> 100S <br> SähĶaappi\",\"positionX\":9,\"positionY\":10,\"a_room\":\"13~undone~1|1~2200|4000~~~~~\",\"b_room\":\"13~undone~1|1~2200|2200~~~~~\",\"c_room\":\"13~undone~1|1~2200|4000~~~~~\",\"d_room\":\"13~undone~1|1~2200|2200~~~~~\",\"k_room\":\"13~undone~1|1~2200|4000~~~~~\",\"l_room\":\"13~undone~1|1~2200|4000~~~~~\"}]'),
(19504, 30, 'b_rooms', '[{\"name\":\"L11B310A <br> Porras <br> Yleinen\",\"positionX\":7,\"positionY\":1,\"a_room\":\"13~undone~1|1~2200|4000~~~~~\",\"b_room\":\"13~undone~1|1~2200|2200~~~~~\",\"c_room\":\"13~undone~1|1~2200|4000~~~~~\",\"d_room\":\"13~undone~1|1~2200|2200~~~~~\",\"k_room\":\"13~undone~1|1~2200|4000~~~~~\",\"l_room\":\"13~undone~1|1~2200|4000~~~~~\"},{\"name\":\"L11B310B <br> WC <br> Yleinen\",\"positionX\":7,\"positionY\":2,\"a_room\":\"13~undone~1|1~2200|4000~~~~~\",\"b_room\":\"13~undone~1|1~2200|2200~~~~~\",\"c_room\":\"13~undone~1|1~2200|4000~~~~~\",\"d_room\":\"13~undone~1|1~2200|2200~~~~~\",\"k_room\":\"13~undone~1|1~2200|4000~~~~~\",\"l_room\":\"13~undone~1|1~2200|4000~~~~~\"},{\"name\":\"L11B303 <br> TSTO <br> Tyhjä\",\"positionX\":7,\"positionY\":3,\"a_room\":\"13~undone~1|1~2200|4000~~~~~\",\"b_room\":\"13~undone~1|1~2200|2200~~~~~\",\"c_room\":\"13~undone~1|1~2200|4000~~~~~\",\"d_room\":\"13~undone~1|1~2200|2200~~~~~\",\"k_room\":\"13~undone~1|1~2200|4000~~~~~\",\"l_room\":\"13~undone~1|1~2200|4000~~~~~\"},{\"name\":\"L11B304 <br> TSTO <br> VFlame\",\"positionX\":7,\"positionY\":4,\"a_room\":\"13~undone~1|1~2200|4000~~~~~\",\"b_room\":\"13~undone~1|1~2200|2200~~~~~\",\"c_room\":\"13~undone~1|1~2200|4000~~~~~\",\"d_room\":\"13~undone~1|1~2200|2200~~~~~\",\"k_room\":\"13~undone~1|1~2200|4000~~~~~\",\"l_room\":\"13~undone~1|1~2200|4000~~~~~\"},{\"name\":\"L11B307 <br> TSTO <br> Tyhjä\",\"positionX\":7,\"positionY\":5,\"a_room\":\"13~undone~1|1~2200|4000~~~~~\",\"b_room\":\"13~undone~1|1~2200|2200~~~~~\",\"c_room\":\"13~undone~1|1~2200|4000~~~~~\",\"d_room\":\"13~undone~1|1~2200|2200~~~~~\",\"k_room\":\"13~undone~1|1~2200|4000~~~~~\",\"l_room\":\"13~undone~1|1~2200|4000~~~~~\"},{\"name\":\"L11B308 <br> TSTO <br> Gromi\",\"positionX\":7,\"positionY\":6,\"a_room\":\"13~undone~1|1~2200|4000~~~~~\",\"b_room\":\"13~undone~1|1~2200|2200~~~~~\",\"c_room\":\"13~undone~1|1~2200|4000~~~~~\",\"d_room\":\"13~undone~1|1~2200|2200~~~~~\",\"k_room\":\"13~undone~1|1~2200|4000~~~~~\",\"l_room\":\"13~undone~1|1~2200|4000~~~~~\"},{\"name\":\"L11B309 <br> IVKH <br> Yleinen\",\"positionX\":7,\"positionY\":7,\"a_room\":\"13~undone~1|1~2200|4000~~~~~\",\"b_room\":\"13~undone~1|1~2200|2200~~~~~\",\"c_room\":\"13~undone~1|1~2200|4000~~~~~\",\"d_room\":\"13~undone~1|1~2200|2200~~~~~\",\"k_room\":\"13~undone~1|1~2200|4000~~~~~\",\"l_room\":\"13~undone~1|1~2200|4000~~~~~\"},{\"name\":\"L11B210A <br> Porras <br> Yleinen\",\"positionX\":8,\"positionY\":1,\"a_room\":\"13~undone~1|1~2200|4000~~~~~\",\"b_room\":\"13~undone~1|1~2200|2200~~~~~\",\"c_room\":\"13~undone~1|1~2200|4000~~~~~\",\"d_room\":\"13~undone~1|1~2200|2200~~~~~\",\"k_room\":\"13~undone~1|1~2200|4000~~~~~\",\"l_room\":\"13~undone~1|1~2200|4000~~~~~\"},{\"name\":\"L11B210B <br> Siivous <br> Yleinen\",\"positionX\":8,\"positionY\":2,\"a_room\":\"13~undone~1|1~2200|4000~~~~~\",\"b_room\":\"13~undone~1|1~2200|2200~~~~~\",\"c_room\":\"13~undone~1|1~2200|4000~~~~~\",\"d_room\":\"13~undone~1|1~2200|2200~~~~~\",\"k_room\":\"13~undone~1|1~2200|4000~~~~~\",\"l_room\":\"13~undone~1|1~2200|4000~~~~~\"},{\"name\":\"L11B211 <br> WC <br> suihkuAs\",\"positionX\":8,\"positionY\":3,\"a_room\":\"13~undone~1|1~2200|4000~~~~~\",\"b_room\":\"13~undone~1|1~2200|2200~~~~~\",\"c_room\":\"13~undone~1|1~2200|4000~~~~~\",\"d_room\":\"13~undone~1|1~2200|2200~~~~~\",\"k_room\":\"13~undone~1|1~2200|4000~~~~~\",\"l_room\":\"13~undone~1|1~2200|4000~~~~~\"},{\"name\":\"L11B212 <br> Huone <br> Tyhjä\",\"positionX\":8,\"positionY\":4,\"a_room\":\"13~undone~1|1~2200|4000~~~~~\",\"b_room\":\"13~undone~1|1~2200|2200~~~~~\",\"c_room\":\"13~undone~1|1~2200|4000~~~~~\",\"d_room\":\"13~undone~1|1~2200|2200~~~~~\",\"k_room\":\"13~undone~1|1~2200|4000~~~~~\",\"l_room\":\"13~undone~1|1~2200|4000~~~~~\"},{\"name\":\"L11B213 <br> Huone <br> Tyhjä\",\"positionX\":8,\"positionY\":5,\"a_room\":\"13~undone~1|1~2200|4000~~~~~\",\"b_room\":\"13~undone~1|1~2200|2200~~~~~\",\"c_room\":\"13~undone~1|1~2200|4000~~~~~\",\"d_room\":\"13~undone~1|1~2200|2200~~~~~\",\"k_room\":\"13~undone~1|1~2200|4000~~~~~\",\"l_room\":\"13~undone~1|1~2200|4000~~~~~\"},{\"name\":\"L11B214 <br> Huone <br> Tyhjä\",\"positionX\":8,\"positionY\":6,\"a_room\":\"13~undone~1|1~2200|4000~~~~~\",\"b_room\":\"13~undone~1|1~2200|2200~~~~~\",\"c_room\":\"13~undone~1|1~2200|4000~~~~~\",\"d_room\":\"13~undone~1|1~2200|2200~~~~~\",\"k_room\":\"13~undone~1|1~2200|4000~~~~~\",\"l_room\":\"13~undone~1|1~2200|4000~~~~~\"},{\"name\":\"L11B215 <br> Huone <br> HimmeläJr\",\"positionX\":8,\"positionY\":7,\"a_room\":\"13~undone~1|1~2200|4000~~~~~\",\"b_room\":\"13~undone~1|1~2200|2200~~~~~\",\"c_room\":\"13~undone~1|1~2200|4000~~~~~\",\"d_room\":\"13~undone~1|1~2200|2200~~~~~\",\"k_room\":\"13~undone~1|1~2200|4000~~~~~\",\"l_room\":\"13~undone~1|1~2200|4000~~~~~\"},{\"name\":\"L11B216 <br> Käytävä <br> Asunto\",\"positionX\":8,\"positionY\":8,\"a_room\":\"13~undone~1|1~2200|4000~~~~~\",\"b_room\":\"13~undone~1|1~2200|2200~~~~~\",\"c_room\":\"13~undone~1|1~2200|4000~~~~~\",\"d_room\":\"13~undone~1|1~2200|2200~~~~~\",\"k_room\":\"13~undone~1|1~2200|4000~~~~~\",\"l_room\":\"13~undone~1|1~2200|4000~~~~~\"},{\"name\":\"L11B217 <br> Keittio <br> Asunto\",\"positionX\":8,\"positionY\":9,\"a_room\":\"13~undone~1|1~2200|4000~~~~~\",\"b_room\":\"13~undone~1|1~2200|2200~~~~~\",\"c_room\":\"13~undone~1|1~2200|4000~~~~~\",\"d_room\":\"13~undone~1|1~2200|2200~~~~~\",\"k_room\":\"13~undone~1|1~2200|4000~~~~~\",\"l_room\":\"13~undone~1|1~2200|4000~~~~~\"},{\"name\":\"L11B218 <br> TekniTila <br> Asunto\",\"positionX\":8,\"positionY\":10,\"a_room\":\"13~undone~1|1~2200|4000~~~~~\",\"b_room\":\"13~undone~1|1~2200|2200~~~~~\",\"c_room\":\"13~undone~1|1~2200|4000~~~~~\",\"d_room\":\"13~undone~1|1~2200|2200~~~~~\",\"k_room\":\"13~undone~1|1~2200|4000~~~~~\",\"l_room\":\"13~undone~1|1~2200|4000~~~~~\"},{\"name\":\"L11B219WC <br> _/_ <br> suihkuAsu\",\"positionX\":8,\"positionY\":11,\"a_room\":\"13~undone~1|1~2200|4000~~~~~\",\"b_room\":\"13~undone~1|1~2200|2200~~~~~\",\"c_room\":\"13~undone~1|1~2200|4000~~~~~\",\"d_room\":\"13~undone~1|1~2200|2200~~~~~\",\"k_room\":\"13~undone~1|1~2200|4000~~~~~\",\"l_room\":\"13~undone~1|1~2200|4000~~~~~\"},{\"name\":\"L11B220 <br> Huone <br> Jyri\",\"positionX\":8,\"positionY\":12,\"a_room\":\"13~undone~1|1~2200|4000~~~~~\",\"b_room\":\"13~undone~1|1~2200|2200~~~~~\",\"c_room\":\"13~undone~1|1~2200|4000~~~~~\",\"d_room\":\"13~undone~1|1~2200|2200~~~~~\",\"k_room\":\"13~undone~1|1~2200|4000~~~~~\",\"l_room\":\"13~undone~1|1~2200|4000~~~~~\"},{\"name\":\"L11B221 <br> Huone <br> Himmelä\",\"positionX\":8,\"positionY\":13,\"a_room\":\"13~undone~1|1~2200|4000~~~~~\",\"b_room\":\"13~undone~1|1~2200|2200~~~~~\",\"c_room\":\"13~undone~1|1~2200|4000~~~~~\",\"d_room\":\"13~undone~1|1~2200|2200~~~~~\",\"k_room\":\"13~undone~1|1~2200|4000~~~~~\",\"l_room\":\"13~undone~1|1~2200|4000~~~~~\"},{\"name\":\"L11B105A <br> Porras <br> Yleinen\",\"positionX\":9,\"positionY\":1,\"a_room\":\"13~undone~1|1~2200|4000~~~~~\",\"b_room\":\"13~undone~1|1~2200|2200~~~~~\",\"c_room\":\"13~undone~1|1~2200|4000~~~~~\",\"d_room\":\"13~undone~1|1~2200|2200~~~~~\",\"k_room\":\"13~undone~1|1~2200|4000~~~~~\",\"l_room\":\"13~undone~1|1~2200|4000~~~~~\"},{\"name\":\"L11B106 <br> Lämpöjako <br> Yleinen\",\"positionX\":9,\"positionY\":2,\"a_room\":\"13~undone~1|1~2200|4000~~~~~\",\"b_room\":\"13~undone~1|1~2200|2200~~~~~\",\"c_room\":\"13~undone~1|1~2200|4000~~~~~\",\"d_room\":\"13~undone~1|1~2200|2200~~~~~\",\"k_room\":\"13~undone~1|1~2200|4000~~~~~\",\"l_room\":\"13~undone~1|1~2200|4000~~~~~\"},{\"name\":\"L11B104 <br> Myymälä <br> Sieniseur\",\"positionX\":9,\"positionY\":3,\"a_room\":\"13~undone~1|1~2200|4000~~~~~\",\"b_room\":\"13~undone~1|1~2200|2200~~~~~\",\"c_room\":\"13~undone~1|1~2200|4000~~~~~\",\"d_room\":\"13~undone~1|1~2200|2200~~~~~\",\"k_room\":\"13~undone~1|1~2200|4000~~~~~\",\"l_room\":\"13~undone~1|1~2200|4000~~~~~\"},{\"name\":\"L11B107 <br> Käytävä <br> Westface\",\"positionX\":9,\"positionY\":4,\"a_room\":\"13~undone~1|1~2200|4000~~~~~\",\"b_room\":\"13~undone~1|1~2200|2200~~~~~\",\"c_room\":\"13~undone~1|1~2200|4000~~~~~\",\"d_room\":\"13~undone~1|1~2200|2200~~~~~\",\"k_room\":\"13~undone~1|1~2200|4000~~~~~\",\"l_room\":\"13~undone~1|1~2200|4000~~~~~\"},{\"name\":\"L11B108 <br> Keittio <br> Westface\",\"positionX\":9,\"positionY\":5,\"a_room\":\"13~undone~1|1~2200|4000~~~~~\",\"b_room\":\"13~undone~1|1~2200|2200~~~~~\",\"c_room\":\"13~undone~1|1~2200|4000~~~~~\",\"d_room\":\"13~undone~1|1~2200|2200~~~~~\",\"k_room\":\"13~undone~1|1~2200|4000~~~~~\",\"l_room\":\"13~undone~1|1~2200|4000~~~~~\"},{\"name\":\"L11B109 <br> TSTO <br> Westface\",\"positionX\":9,\"positionY\":6,\"a_room\":\"13~undone~1|1~2200|4000~~~~~\",\"b_room\":\"13~undone~1|1~2200|2200~~~~~\",\"c_room\":\"13~undone~1|1~2200|4000~~~~~\",\"d_room\":\"13~undone~1|1~2200|2200~~~~~\",\"k_room\":\"13~undone~1|1~2200|4000~~~~~\",\"l_room\":\"13~undone~1|1~2200|4000~~~~~\"}]'),
(19505, 30, 'c_rooms', ''),
(19506, 30, 'd_rooms', ''),
(19507, 30, 'e_rooms', ''),
(19508, 30, 'f_rooms', ''),
(19509, 30, 'g_rooms', ''),
(19510, 30, 'h_rooms', ''),
(19511, 30, 'a_rooms_nowork', ''),
(19512, 30, 'b_rooms_nowork', ''),
(19513, 30, 'c_rooms_nowork', ''),
(19514, 30, 'd_rooms_nowork', ''),
(19515, 30, 'e_rooms_nowork', ''),
(19516, 30, 'f_rooms_nowork', ''),
(19517, 30, 'g_rooms_nowork', ''),
(19518, 30, 'h_rooms_nowork', ''),
(19519, 30, 'pr_room_name', ''),
(19520, 30, 'pr_rap_name', ''),
(19521, 30, 'pr_s1_name', ''),
(19522, 30, 'pr_s1_order', '1'),
(19523, 30, 'pr_s1_desc', ''),
(19524, 30, 'pr_s1_h', ''),
(19525, 30, 'pr_s1_w', ''),
(19526, 30, 'pr_s2_name', ''),
(19527, 30, 'pr_s2_order', '2'),
(19528, 30, 'pr_s2_desc', ''),
(19529, 30, 'pr_s2_h', ''),
(19530, 30, 'pr_s2_w', ''),
(19531, 30, 'pr_s3_name', ''),
(19532, 30, 'pr_s3_order', '3'),
(19533, 30, 'pr_s3_desc', ''),
(19534, 30, 'pr_s3_h', ''),
(19535, 30, 'pr_s3_w', ''),
(19536, 30, 'pr_s4_name', ''),
(19537, 30, 'pr_s4_order', '4'),
(19538, 30, 'pr_s4_desc', ''),
(19539, 30, 'pr_s4_h', ''),
(19540, 30, 'pr_s4_w', ''),
(19541, 30, 'pr_s5_name', 'room_one_roof'),
(19542, 30, 'pr_s5_order', '5'),
(19543, 30, 'pr_s5_desc', 'room_one_roof_desc'),
(19544, 30, 'pr_s5_h', 'room_one_roof_h'),
(19545, 30, 'pr_s5_w', 'room_one_roof_w'),
(19546, 30, 'pr_s6_name', 'room_one_floor'),
(19547, 30, 'pr_s6_order', '6'),
(19548, 30, 'pr_s6_desc', 'room_one_floor_desc'),
(19549, 30, 'pr_s6_h', 'room_one_floor_h'),
(19550, 30, 'pr_s6_w', 'room_one_floor_w'),
(19551, 30, 'm_materials', ''),
(19552, 30, 'm_name', ''),
(19553, 30, 'm_one', ''),
(19554, 30, 'm_two', ''),
(19555, 30, 'm_three', ''),
(19556, 30, 'm_four', ''),
(19557, 30, 'm_five', ''),
(19558, 30, 's_ladonta_levytyssuunta', ''),
(19559, 30, 's_saumoitus', ''),
(19560, 30, 's_ladontasystem', ''),
(19561, 30, 's_materials', ''),
(19562, 30, 's_rangan_suunta', ''),
(19563, 30, 's_kiinnikkeiden_linjojen_alkupaikka', ''),
(19564, 30, 's_kiinnikelinjan_etaisyydet', ''),
(19565, 30, 's_levytys_levytyksen_katkeaminen', ''),
(19566, 30, 's_levytys_pituus_y', ''),
(19567, 30, 's_levytys_pituus_x', ''),
(19568, 30, 's_levytyksen_suunta', ''),
(19569, 30, 's_lapiviennit', ''),
(19570, 30, 's_levyt_standard', ''),
(19571, 30, 's_jarjestelma', ''),
(19572, 30, 's_olosuhteet', ''),
(19573, 30, 's_olosuhde', ''),
(19574, 30, 's_aukko', ''),
(19575, 30, 's_reika_', ''),
(19576, 30, 's_levy_', ''),
(19577, 30, 's_rankatyypit', ''),
(19578, 30, 's_tyypin_pituudet', ''),
(19579, 30, 's_pystyasennus', ''),
(19580, 30, 's_listat', ''),
(19581, 30, 's_rankojen_sijoittelu', ''),
(19582, 30, 's_users', ''),
(19583, 30, 'pr_step', ''),
(19584, 30, 'pr_recl_msg', ''),
(19585, 30, 'pr_recl_from', ''),
(19586, 30, 'pr_recl_to', ''),
(19587, 30, 'pr_recl_attention', ''),
(19588, 30, 'pr_1_origo', ''),
(19589, 30, 'pr_1_gooddist_w', ''),
(19590, 30, 'pr_1_gooddist_h', ''),
(19591, 30, 'pr_1_1_name', ''),
(19592, 30, 'pr_1_1_dist_x', ''),
(19593, 30, 'pr_1_1_dist_y', ''),
(19594, 30, 'pr_1_1_comments', ''),
(19595, 30, 'pr_2_1_name', ''),
(19596, 30, 'pr_2_1_dist_x', ''),
(19597, 30, 'pr_2_1_dist_y', ''),
(19598, 30, 'pr_2_1_comments', ''),
(19599, 30, 'pr_2_1_h', ''),
(19600, 30, 'pr_2_1_w', ''),
(19601, 30, 'pr_3_1_name', ''),
(19602, 30, 'pr_3_1_dist_x', ''),
(19603, 30, 'pr_3_1_dist_y', ''),
(19604, 30, 'pr_3_1_comments', ''),
(19605, 30, 'pr_3_1_r', ''),
(19606, 30, 'pr_4_1_name', ''),
(19607, 30, 'pr_4_1_num', ''),
(19608, 30, 'pr_4_1_type', ''),
(19609, 30, 'pr_4_1_x', ''),
(19610, 30, 'pr_4_1_y', ''),
(19611, 30, 'pr_4_1_comments', ''),
(19612, 30, 'step', ''),
(19613, 30, 'wall', ''),
(19614, 30, 'room', ''),
(19615, 30, 'settings', ''),
(19616, 30, 'mittapisteet', ''),
(19617, 30, 'aukot', ''),
(19618, 30, 'reijat', ''),
(19619, 30, 'saumat', ''),
(19620, 30, 'levyt', ''),
(19621, 30, 'rangat', ''),
(19622, 30, 'listat', ''),
(19623, 30, 'kokonaisalue', ''),
(19624, 30, 'levytettava_alue', ''),
(19625, 30, 'poisjaava_alue', ''),
(19626, 30, 'keskusmittapiste_cord', ''),
(19627, 30, 'reklamaatiot', ''),
(19628, 30, 'kaupalliset_asiakirjat', ''),
(19629, 30, 'tyomaan_asiakirjat', ''),
(19630, 30, 'arkkitehtisuunnitelmat', ''),
(19631, 30, 'rakennesuunnitelmat', ''),
(19632, 30, 'omat_suunnitelmat', ''),
(19633, 30, 'muut_asiakirjat', ''),
(19892, 31, 'pr_id', '31'),
(19893, 31, 'pr_name', 'trump tpwe 3'),
(19894, 31, 'chosen_jarjestelma', 'Delta'),
(19895, 31, 's_settings', ''),
(19896, 31, 's_materials', ''),
(19897, 31, 'a_rooms', '[{\"name\":\"ARAK-1\",\"positionX\":0,\"positionY\":1,\"a_room\":\"13~undone~1|1~2200|4000~~~~~\",\"b_room\":\"13~undone~1|1~2200|2200~~~~~\",\"c_room\":\"13~undone~1|1~2200|4000~~~~~\",\"d_room\":\"13~undone~1|1~2200|2200~~~~~\",\"k_room\":\"13~undone~1|1~2200|4000~~~~~\",\"l_room\":\"13~undone~1|1~2200|4000~~~~~\"}]'),
(19898, 31, 'b_rooms', ''),
(19899, 31, 'c_rooms', ''),
(19900, 31, 'd_rooms', ''),
(19901, 31, 'e_rooms', ''),
(19902, 31, 'f_rooms', ''),
(19903, 31, 'g_rooms', ''),
(19904, 31, 'h_rooms', ''),
(19905, 31, 'a_rooms_nowork', ''),
(19906, 31, 'b_rooms_nowork', ''),
(19907, 31, 'c_rooms_nowork', ''),
(19908, 31, 'd_rooms_nowork', ''),
(19909, 31, 'e_rooms_nowork', ''),
(19910, 31, 'f_rooms_nowork', ''),
(19911, 31, 'g_rooms_nowork', ''),
(19912, 31, 'h_rooms_nowork', ''),
(19913, 31, 'step', ''),
(19914, 31, 'wall', ''),
(19915, 31, 'room', ''),
(19916, 31, 'settings', ''),
(19917, 31, 'mittapisteet', ''),
(19918, 31, 'aukot', ''),
(19919, 31, 'reijat', ''),
(19920, 31, 'saumat', ''),
(19921, 31, 'levyt', ''),
(19922, 31, 'rangat', ''),
(19923, 31, 'listat', ''),
(19924, 31, 'kokonaisalue', ''),
(19925, 31, 'levytettava_alue', '');
INSERT INTO `projectmeta` (`meta_id`, `id`, `meta_key`, `meta_value`) VALUES
(19926, 31, 'poisjaava_alue', ''),
(19927, 31, 'keskusmittapiste_cord', ''),
(19928, 31, 'reklamaatiot', ''),
(19929, 31, 'kaupalliset_asiakirjat', ''),
(19930, 31, 'tyomaan_asiakirjat', ''),
(19931, 31, 'arkkitehtisuunnitelmat', ''),
(19932, 31, 'rakennesuunnitelmat', ''),
(19933, 31, 'omat_suunnitelmat', ''),
(19934, 31, 'muut_asiakirjat', ''),
(19935, 32, 'pr_id', '32'),
(19936, 32, 'pr_name', 'trump tpwe 3'),
(19937, 32, 'chosen_jarjestelma', 'Delta'),
(19938, 32, 's_settings', ''),
(19939, 32, 's_materials', ''),
(19940, 32, 'a_rooms', '[{\"name\":\"ARAK-1\",\"positionX\":0,\"positionY\":1,\"a_room\":\"13~undone~1|1~2200|4000~~~~~\",\"b_room\":\"13~undone~1|1~2200|2200~~~~~\",\"c_room\":\"13~undone~1|1~2200|4000~~~~~\",\"d_room\":\"13~undone~1|1~2200|2200~~~~~\",\"k_room\":\"13~undone~1|1~2200|4000~~~~~\",\"l_room\":\"13~undone~1|1~2200|4000~~~~~\"}]'),
(19941, 32, 'b_rooms', ''),
(19942, 32, 'c_rooms', ''),
(19943, 32, 'd_rooms', ''),
(19944, 32, 'e_rooms', ''),
(19945, 32, 'f_rooms', ''),
(19946, 32, 'g_rooms', ''),
(19947, 32, 'h_rooms', ''),
(19948, 32, 'a_rooms_nowork', ''),
(19949, 32, 'b_rooms_nowork', ''),
(19950, 32, 'c_rooms_nowork', ''),
(19951, 32, 'd_rooms_nowork', ''),
(19952, 32, 'e_rooms_nowork', ''),
(19953, 32, 'f_rooms_nowork', ''),
(19954, 32, 'g_rooms_nowork', ''),
(19955, 32, 'h_rooms_nowork', ''),
(19956, 32, 'step', ''),
(19957, 32, 'wall', ''),
(19958, 32, 'room', ''),
(19959, 32, 'settings', ''),
(19960, 32, 'mittapisteet', ''),
(19961, 32, 'aukot', ''),
(19962, 32, 'reijat', ''),
(19963, 32, 'saumat', ''),
(19964, 32, 'levyt', ''),
(19965, 32, 'rangat', ''),
(19966, 32, 'listat', ''),
(19967, 32, 'kokonaisalue', ''),
(19968, 32, 'levytettava_alue', ''),
(19969, 32, 'poisjaava_alue', ''),
(19970, 32, 'keskusmittapiste_cord', ''),
(19971, 32, 'reklamaatiot', ''),
(19972, 32, 'kaupalliset_asiakirjat', ''),
(19973, 32, 'tyomaan_asiakirjat', ''),
(19974, 32, 'arkkitehtisuunnitelmat', ''),
(19975, 32, 'rakennesuunnitelmat', ''),
(19976, 32, 'omat_suunnitelmat', ''),
(19977, 32, 'muut_asiakirjat', ''),
(19978, 33, 'pr_id', '33'),
(19979, 33, 'pr_name', 'trump tpwe 3'),
(19980, 33, 'chosen_jarjestelma', 'Delta'),
(19981, 33, 's_settings', ''),
(19982, 33, 's_materials', ''),
(19983, 33, 'a_rooms', '[{\"name\":\"ARAK-1\",\"positionX\":0,\"positionY\":1,\"a_room\":\"13~undone~1|1~2200|4000~~~~~\",\"b_room\":\"13~undone~1|1~2200|2200~~~~~\",\"c_room\":\"13~undone~1|1~2200|4000~~~~~\",\"d_room\":\"13~undone~1|1~2200|2200~~~~~\",\"k_room\":\"13~undone~1|1~2200|4000~~~~~\",\"l_room\":\"13~undone~1|1~2200|4000~~~~~\"}]'),
(19984, 33, 'b_rooms', ''),
(19985, 33, 'c_rooms', ''),
(19986, 33, 'd_rooms', ''),
(19987, 33, 'e_rooms', ''),
(19988, 33, 'f_rooms', ''),
(19989, 33, 'g_rooms', ''),
(19990, 33, 'h_rooms', ''),
(19991, 33, 'a_rooms_nowork', ''),
(19992, 33, 'b_rooms_nowork', ''),
(19993, 33, 'c_rooms_nowork', ''),
(19994, 33, 'd_rooms_nowork', ''),
(19995, 33, 'e_rooms_nowork', ''),
(19996, 33, 'f_rooms_nowork', ''),
(19997, 33, 'g_rooms_nowork', ''),
(19998, 33, 'h_rooms_nowork', ''),
(19999, 33, 'step', ''),
(20000, 33, 'wall', ''),
(20001, 33, 'room', ''),
(20002, 33, 'settings', ''),
(20003, 33, 'mittapisteet', ''),
(20004, 33, 'aukot', ''),
(20005, 33, 'reijat', ''),
(20006, 33, 'saumat', ''),
(20007, 33, 'levyt', ''),
(20008, 33, 'rangat', ''),
(20009, 33, 'listat', ''),
(20010, 33, 'kokonaisalue', ''),
(20011, 33, 'levytettava_alue', ''),
(20012, 33, 'poisjaava_alue', ''),
(20013, 33, 'keskusmittapiste_cord', ''),
(20014, 33, 'reklamaatiot', ''),
(20015, 33, 'kaupalliset_asiakirjat', ''),
(20016, 33, 'tyomaan_asiakirjat', ''),
(20017, 33, 'arkkitehtisuunnitelmat', ''),
(20018, 33, 'rakennesuunnitelmat', ''),
(20019, 33, 'omat_suunnitelmat', ''),
(20020, 33, 'muut_asiakirjat', ''),
(20021, 34, 'pr_id', '34'),
(20022, 34, 'pr_name', 'trump tpwe 3'),
(20023, 34, 'chosen_jarjestelma', 'Delta'),
(20024, 34, 's_settings', ''),
(20025, 34, 's_materials', ''),
(20026, 34, 'a_rooms', '[{\"name\":\"ARAK-1\",\"positionX\":0,\"positionY\":1,\"a_room\":\"13~undone~1|1~2200|4000~~~~~\",\"b_room\":\"13~undone~1|1~2200|2200~~~~~\",\"c_room\":\"13~undone~1|1~2200|4000~~~~~\",\"d_room\":\"13~undone~1|1~2200|2200~~~~~\",\"k_room\":\"13~undone~1|1~2200|4000~~~~~\",\"l_room\":\"13~undone~1|1~2200|4000~~~~~\"}]'),
(20027, 34, 'b_rooms', ''),
(20028, 34, 'c_rooms', ''),
(20029, 34, 'd_rooms', ''),
(20030, 34, 'e_rooms', ''),
(20031, 34, 'f_rooms', ''),
(20032, 34, 'g_rooms', ''),
(20033, 34, 'h_rooms', ''),
(20034, 34, 'a_rooms_nowork', ''),
(20035, 34, 'b_rooms_nowork', ''),
(20036, 34, 'c_rooms_nowork', ''),
(20037, 34, 'd_rooms_nowork', ''),
(20038, 34, 'e_rooms_nowork', ''),
(20039, 34, 'f_rooms_nowork', ''),
(20040, 34, 'g_rooms_nowork', ''),
(20041, 34, 'h_rooms_nowork', ''),
(20042, 34, 'step', ''),
(20043, 34, 'wall', ''),
(20044, 34, 'room', ''),
(20045, 34, 'settings', ''),
(20046, 34, 'mittapisteet', ''),
(20047, 34, 'aukot', ''),
(20048, 34, 'reijat', ''),
(20049, 34, 'saumat', ''),
(20050, 34, 'levyt', ''),
(20051, 34, 'rangat', ''),
(20052, 34, 'listat', ''),
(20053, 34, 'kokonaisalue', ''),
(20054, 34, 'levytettava_alue', ''),
(20055, 34, 'poisjaava_alue', ''),
(20056, 34, 'keskusmittapiste_cord', ''),
(20057, 34, 'reklamaatiot', ''),
(20058, 34, 'kaupalliset_asiakirjat', ''),
(20059, 34, 'tyomaan_asiakirjat', ''),
(20060, 34, 'arkkitehtisuunnitelmat', ''),
(20061, 34, 'rakennesuunnitelmat', ''),
(20062, 34, 'omat_suunnitelmat', ''),
(20063, 34, 'muut_asiakirjat', ''),
(20064, 35, 'pr_id', '35'),
(20065, 35, 'pr_name', 'trump tpwe 3'),
(20066, 35, 'chosen_jarjestelma', 'Delta'),
(20067, 35, 's_settings', ''),
(20068, 35, 's_materials', ''),
(20069, 35, 'a_rooms', '[{\"name\":\"ARAK-1\",\"positionX\":0,\"positionY\":1,\"a_room\":\"13~undone~1|1~2200|4000~~~~~\",\"b_room\":\"13~undone~1|1~2200|2200~~~~~\",\"c_room\":\"13~undone~1|1~2200|4000~~~~~\",\"d_room\":\"13~undone~1|1~2200|2200~~~~~\",\"k_room\":\"13~undone~1|1~2200|4000~~~~~\",\"l_room\":\"13~undone~1|1~2200|4000~~~~~\"}]'),
(20070, 35, 'b_rooms', ''),
(20071, 35, 'c_rooms', ''),
(20072, 35, 'd_rooms', ''),
(20073, 35, 'e_rooms', ''),
(20074, 35, 'f_rooms', ''),
(20075, 35, 'g_rooms', ''),
(20076, 35, 'h_rooms', ''),
(20077, 35, 'a_rooms_nowork', ''),
(20078, 35, 'b_rooms_nowork', ''),
(20079, 35, 'c_rooms_nowork', ''),
(20080, 35, 'd_rooms_nowork', ''),
(20081, 35, 'e_rooms_nowork', ''),
(20082, 35, 'f_rooms_nowork', ''),
(20083, 35, 'g_rooms_nowork', ''),
(20084, 35, 'h_rooms_nowork', ''),
(20085, 35, 'step', ''),
(20086, 35, 'wall', ''),
(20087, 35, 'room', ''),
(20088, 35, 'settings', ''),
(20089, 35, 'mittapisteet', ''),
(20090, 35, 'aukot', ''),
(20091, 35, 'reijat', ''),
(20092, 35, 'saumat', ''),
(20093, 35, 'levyt', ''),
(20094, 35, 'rangat', ''),
(20095, 35, 'listat', ''),
(20096, 35, 'kokonaisalue', ''),
(20097, 35, 'levytettava_alue', ''),
(20098, 35, 'poisjaava_alue', ''),
(20099, 35, 'keskusmittapiste_cord', ''),
(20100, 35, 'reklamaatiot', ''),
(20101, 35, 'kaupalliset_asiakirjat', ''),
(20102, 35, 'tyomaan_asiakirjat', ''),
(20103, 35, 'arkkitehtisuunnitelmat', ''),
(20104, 35, 'rakennesuunnitelmat', ''),
(20105, 35, 'omat_suunnitelmat', ''),
(20106, 35, 'muut_asiakirjat', ''),
(20107, 36, 'pr_id', '36'),
(20108, 36, 'pr_name', 'trump tpwe 3'),
(20109, 36, 'chosen_jarjestelma', 'Delta'),
(20110, 36, 's_settings', ''),
(20111, 36, 's_materials', ''),
(20112, 36, 'a_rooms', '[{\"name\":\"ARAK-1\",\"positionX\":0,\"positionY\":1,\"a_room\":\"13~undone~1|1~2200|4000~~~~~\",\"b_room\":\"13~undone~1|1~2200|2200~~~~~\",\"c_room\":\"13~undone~1|1~2200|4000~~~~~\",\"d_room\":\"13~undone~1|1~2200|2200~~~~~\",\"k_room\":\"13~undone~1|1~2200|4000~~~~~\",\"l_room\":\"13~undone~1|1~2200|4000~~~~~\"}]'),
(20113, 36, 'b_rooms', ''),
(20114, 36, 'c_rooms', ''),
(20115, 36, 'd_rooms', ''),
(20116, 36, 'e_rooms', ''),
(20117, 36, 'f_rooms', ''),
(20118, 36, 'g_rooms', ''),
(20119, 36, 'h_rooms', ''),
(20120, 36, 'a_rooms_nowork', ''),
(20121, 36, 'b_rooms_nowork', ''),
(20122, 36, 'c_rooms_nowork', ''),
(20123, 36, 'd_rooms_nowork', ''),
(20124, 36, 'e_rooms_nowork', ''),
(20125, 36, 'f_rooms_nowork', ''),
(20126, 36, 'g_rooms_nowork', ''),
(20127, 36, 'h_rooms_nowork', ''),
(20128, 36, 'step', ''),
(20129, 36, 'wall', ''),
(20130, 36, 'room', ''),
(20131, 36, 'settings', ''),
(20132, 36, 'mittapisteet', ''),
(20133, 36, 'aukot', ''),
(20134, 36, 'reijat', ''),
(20135, 36, 'saumat', ''),
(20136, 36, 'levyt', ''),
(20137, 36, 'rangat', ''),
(20138, 36, 'listat', ''),
(20139, 36, 'kokonaisalue', ''),
(20140, 36, 'levytettava_alue', ''),
(20141, 36, 'poisjaava_alue', ''),
(20142, 36, 'keskusmittapiste_cord', ''),
(20143, 36, 'reklamaatiot', ''),
(20144, 36, 'kaupalliset_asiakirjat', ''),
(20145, 36, 'tyomaan_asiakirjat', ''),
(20146, 36, 'arkkitehtisuunnitelmat', ''),
(20147, 36, 'rakennesuunnitelmat', ''),
(20148, 36, 'omat_suunnitelmat', ''),
(20149, 36, 'muut_asiakirjat', ''),
(20150, 37, 'pr_id', '37'),
(20151, 37, 'pr_name', 'trump tpwe 3'),
(20152, 37, 'chosen_jarjestelma', 'Delta'),
(20153, 37, 's_settings', ''),
(20154, 37, 's_materials', ''),
(20155, 37, 'a_rooms', '[{\"name\":\"ARAK-1\",\"positionX\":0,\"positionY\":1,\"a_room\":\"13~undone~1|1~2200|4000~~~~~\",\"b_room\":\"13~undone~1|1~2200|2200~~~~~\",\"c_room\":\"13~undone~1|1~2200|4000~~~~~\",\"d_room\":\"13~undone~1|1~2200|2200~~~~~\",\"k_room\":\"13~undone~1|1~2200|4000~~~~~\",\"l_room\":\"13~undone~1|1~2200|4000~~~~~\"}]'),
(20156, 37, 'b_rooms', ''),
(20157, 37, 'c_rooms', ''),
(20158, 37, 'd_rooms', ''),
(20159, 37, 'e_rooms', ''),
(20160, 37, 'f_rooms', ''),
(20161, 37, 'g_rooms', ''),
(20162, 37, 'h_rooms', ''),
(20163, 37, 'a_rooms_nowork', ''),
(20164, 37, 'b_rooms_nowork', ''),
(20165, 37, 'c_rooms_nowork', ''),
(20166, 37, 'd_rooms_nowork', ''),
(20167, 37, 'e_rooms_nowork', ''),
(20168, 37, 'f_rooms_nowork', ''),
(20169, 37, 'g_rooms_nowork', ''),
(20170, 37, 'h_rooms_nowork', ''),
(20171, 37, 'step', ''),
(20172, 37, 'wall', ''),
(20173, 37, 'room', ''),
(20174, 37, 'settings', ''),
(20175, 37, 'mittapisteet', ''),
(20176, 37, 'aukot', ''),
(20177, 37, 'reijat', ''),
(20178, 37, 'saumat', ''),
(20179, 37, 'levyt', ''),
(20180, 37, 'rangat', ''),
(20181, 37, 'listat', ''),
(20182, 37, 'kokonaisalue', ''),
(20183, 37, 'levytettava_alue', ''),
(20184, 37, 'poisjaava_alue', ''),
(20185, 37, 'keskusmittapiste_cord', ''),
(20186, 37, 'reklamaatiot', ''),
(20187, 37, 'kaupalliset_asiakirjat', ''),
(20188, 37, 'tyomaan_asiakirjat', ''),
(20189, 37, 'arkkitehtisuunnitelmat', ''),
(20190, 37, 'rakennesuunnitelmat', ''),
(20191, 37, 'omat_suunnitelmat', ''),
(20192, 37, 'muut_asiakirjat', ''),
(20193, 38, 'pr_id', '38'),
(20194, 38, 'pr_name', 'trump tpwe 3'),
(20195, 38, 'chosen_jarjestelma', 'Delta'),
(20196, 38, 's_settings', ''),
(20197, 38, 's_materials', ''),
(20198, 38, 'a_rooms', '[{\"name\":\"ARAK-1\",\"positionX\":0,\"positionY\":1,\"a_room\":\"13~undone~1|1~2200|4000~~~~~\",\"b_room\":\"13~undone~1|1~2200|2200~~~~~\",\"c_room\":\"13~undone~1|1~2200|4000~~~~~\",\"d_room\":\"13~undone~1|1~2200|2200~~~~~\",\"k_room\":\"13~undone~1|1~2200|4000~~~~~\",\"l_room\":\"13~undone~1|1~2200|4000~~~~~\"}]'),
(20199, 38, 'b_rooms', ''),
(20200, 38, 'c_rooms', ''),
(20201, 38, 'd_rooms', ''),
(20202, 38, 'e_rooms', ''),
(20203, 38, 'f_rooms', ''),
(20204, 38, 'g_rooms', ''),
(20205, 38, 'h_rooms', ''),
(20206, 38, 'a_rooms_nowork', ''),
(20207, 38, 'b_rooms_nowork', ''),
(20208, 38, 'c_rooms_nowork', ''),
(20209, 38, 'd_rooms_nowork', ''),
(20210, 38, 'e_rooms_nowork', ''),
(20211, 38, 'f_rooms_nowork', ''),
(20212, 38, 'g_rooms_nowork', ''),
(20213, 38, 'h_rooms_nowork', ''),
(20214, 38, 'step', ''),
(20215, 38, 'wall', ''),
(20216, 38, 'room', ''),
(20217, 38, 'settings', ''),
(20218, 38, 'mittapisteet', ''),
(20219, 38, 'aukot', ''),
(20220, 38, 'reijat', ''),
(20221, 38, 'saumat', ''),
(20222, 38, 'levyt', ''),
(20223, 38, 'rangat', ''),
(20224, 38, 'listat', ''),
(20225, 38, 'kokonaisalue', ''),
(20226, 38, 'levytettava_alue', ''),
(20227, 38, 'poisjaava_alue', ''),
(20228, 38, 'keskusmittapiste_cord', ''),
(20229, 38, 'reklamaatiot', ''),
(20230, 38, 'kaupalliset_asiakirjat', ''),
(20231, 38, 'tyomaan_asiakirjat', ''),
(20232, 38, 'arkkitehtisuunnitelmat', ''),
(20233, 38, 'rakennesuunnitelmat', ''),
(20234, 38, 'omat_suunnitelmat', ''),
(20235, 38, 'muut_asiakirjat', ''),
(20236, 39, 'pr_id', '39'),
(20237, 39, 'pr_name', 'trump tpwe 3'),
(20238, 39, 'chosen_jarjestelma', 'Delta'),
(20239, 39, 's_settings', ''),
(20240, 39, 's_materials', ''),
(20241, 39, 'a_rooms', '[{\"name\":\"ARAK-1\",\"positionX\":0,\"positionY\":1,\"a_room\":\"13~undone~1|1~2200|4000~~~~~\",\"b_room\":\"13~undone~1|1~2200|2200~~~~~\",\"c_room\":\"13~undone~1|1~2200|4000~~~~~\",\"d_room\":\"13~undone~1|1~2200|2200~~~~~\",\"k_room\":\"13~undone~1|1~2200|4000~~~~~\",\"l_room\":\"13~undone~1|1~2200|4000~~~~~\"}]'),
(20242, 39, 'b_rooms', ''),
(20243, 39, 'c_rooms', ''),
(20244, 39, 'd_rooms', ''),
(20245, 39, 'e_rooms', ''),
(20246, 39, 'f_rooms', ''),
(20247, 39, 'g_rooms', ''),
(20248, 39, 'h_rooms', ''),
(20249, 39, 'a_rooms_nowork', ''),
(20250, 39, 'b_rooms_nowork', ''),
(20251, 39, 'c_rooms_nowork', ''),
(20252, 39, 'd_rooms_nowork', ''),
(20253, 39, 'e_rooms_nowork', ''),
(20254, 39, 'f_rooms_nowork', ''),
(20255, 39, 'g_rooms_nowork', ''),
(20256, 39, 'h_rooms_nowork', ''),
(20257, 39, 'step', ''),
(20258, 39, 'wall', ''),
(20259, 39, 'room', ''),
(20260, 39, 'settings', ''),
(20261, 39, 'mittapisteet', ''),
(20262, 39, 'aukot', ''),
(20263, 39, 'reijat', ''),
(20264, 39, 'saumat', ''),
(20265, 39, 'levyt', ''),
(20266, 39, 'rangat', ''),
(20267, 39, 'listat', ''),
(20268, 39, 'kokonaisalue', ''),
(20269, 39, 'levytettava_alue', ''),
(20270, 39, 'poisjaava_alue', ''),
(20271, 39, 'keskusmittapiste_cord', ''),
(20272, 39, 'reklamaatiot', ''),
(20273, 39, 'kaupalliset_asiakirjat', ''),
(20274, 39, 'tyomaan_asiakirjat', ''),
(20275, 39, 'arkkitehtisuunnitelmat', ''),
(20276, 39, 'rakennesuunnitelmat', ''),
(20277, 39, 'omat_suunnitelmat', ''),
(20278, 39, 'muut_asiakirjat', ''),
(20279, 40, 'pr_id', '40'),
(20280, 40, 'pr_name', 'trump tpwe 3'),
(20281, 40, 'chosen_jarjestelma', 'Delta'),
(20282, 40, 's_settings', ''),
(20283, 40, 's_materials', ''),
(20284, 40, 'a_rooms', '[{\"name\":\"ARAK-1\",\"positionX\":0,\"positionY\":1,\"a_room\":\"13~undone~1|1~2200|4000~~~~~\",\"b_room\":\"13~undone~1|1~2200|2200~~~~~\",\"c_room\":\"13~undone~1|1~2200|4000~~~~~\",\"d_room\":\"13~undone~1|1~2200|2200~~~~~\",\"k_room\":\"13~undone~1|1~2200|4000~~~~~\",\"l_room\":\"13~undone~1|1~2200|4000~~~~~\"}]'),
(20285, 40, 'b_rooms', ''),
(20286, 40, 'c_rooms', ''),
(20287, 40, 'd_rooms', ''),
(20288, 40, 'e_rooms', ''),
(20289, 40, 'f_rooms', ''),
(20290, 40, 'g_rooms', ''),
(20291, 40, 'h_rooms', ''),
(20292, 40, 'a_rooms_nowork', ''),
(20293, 40, 'b_rooms_nowork', ''),
(20294, 40, 'c_rooms_nowork', ''),
(20295, 40, 'd_rooms_nowork', ''),
(20296, 40, 'e_rooms_nowork', ''),
(20297, 40, 'f_rooms_nowork', ''),
(20298, 40, 'g_rooms_nowork', ''),
(20299, 40, 'h_rooms_nowork', ''),
(20300, 40, 'step', ''),
(20301, 40, 'wall', ''),
(20302, 40, 'room', ''),
(20303, 40, 'settings', ''),
(20304, 40, 'mittapisteet', ''),
(20305, 40, 'aukot', ''),
(20306, 40, 'reijat', ''),
(20307, 40, 'saumat', ''),
(20308, 40, 'levyt', ''),
(20309, 40, 'rangat', ''),
(20310, 40, 'listat', ''),
(20311, 40, 'kokonaisalue', ''),
(20312, 40, 'levytettava_alue', ''),
(20313, 40, 'poisjaava_alue', ''),
(20314, 40, 'keskusmittapiste_cord', ''),
(20315, 40, 'reklamaatiot', ''),
(20316, 40, 'kaupalliset_asiakirjat', ''),
(20317, 40, 'tyomaan_asiakirjat', ''),
(20318, 40, 'arkkitehtisuunnitelmat', ''),
(20319, 40, 'rakennesuunnitelmat', ''),
(20320, 40, 'omat_suunnitelmat', ''),
(20321, 40, 'muut_asiakirjat', ''),
(20322, 41, 'pr_id', '41'),
(20323, 41, 'pr_name', 'trump tpwe 3'),
(20324, 41, 'chosen_jarjestelma', 'Delta'),
(20325, 41, 's_settings', ''),
(20326, 41, 's_materials', ''),
(20327, 41, 'a_rooms', '[{\"name\":\"ARAK-1\",\"positionX\":0,\"positionY\":1,\"a_room\":\"13~undone~1|1~2200|4000~~~~~\",\"b_room\":\"13~undone~1|1~2200|2200~~~~~\",\"c_room\":\"13~undone~1|1~2200|4000~~~~~\",\"d_room\":\"13~undone~1|1~2200|2200~~~~~\",\"k_room\":\"13~undone~1|1~2200|4000~~~~~\",\"l_room\":\"13~undone~1|1~2200|4000~~~~~\"}]'),
(20328, 41, 'b_rooms', ''),
(20329, 41, 'c_rooms', ''),
(20330, 41, 'd_rooms', ''),
(20331, 41, 'e_rooms', ''),
(20332, 41, 'f_rooms', ''),
(20333, 41, 'g_rooms', ''),
(20334, 41, 'h_rooms', ''),
(20335, 41, 'a_rooms_nowork', ''),
(20336, 41, 'b_rooms_nowork', ''),
(20337, 41, 'c_rooms_nowork', ''),
(20338, 41, 'd_rooms_nowork', ''),
(20339, 41, 'e_rooms_nowork', ''),
(20340, 41, 'f_rooms_nowork', ''),
(20341, 41, 'g_rooms_nowork', ''),
(20342, 41, 'h_rooms_nowork', ''),
(20343, 41, 'step', ''),
(20344, 41, 'wall', ''),
(20345, 41, 'room', ''),
(20346, 41, 'settings', ''),
(20347, 41, 'mittapisteet', ''),
(20348, 41, 'aukot', ''),
(20349, 41, 'reijat', ''),
(20350, 41, 'saumat', ''),
(20351, 41, 'levyt', ''),
(20352, 41, 'rangat', ''),
(20353, 41, 'listat', ''),
(20354, 41, 'kokonaisalue', ''),
(20355, 41, 'levytettava_alue', ''),
(20356, 41, 'poisjaava_alue', ''),
(20357, 41, 'keskusmittapiste_cord', ''),
(20358, 41, 'reklamaatiot', ''),
(20359, 41, 'kaupalliset_asiakirjat', ''),
(20360, 41, 'tyomaan_asiakirjat', ''),
(20361, 41, 'arkkitehtisuunnitelmat', ''),
(20362, 41, 'rakennesuunnitelmat', ''),
(20363, 41, 'omat_suunnitelmat', ''),
(20364, 41, 'muut_asiakirjat', ''),
(20365, 42, 'pr_id', '42'),
(20366, 42, 'pr_name', 'trump tpwe 3'),
(20367, 42, 'chosen_jarjestelma', 'Delta'),
(20368, 42, 's_settings', ''),
(20369, 42, 's_materials', ''),
(20370, 42, 'a_rooms', '[{\"name\":\"ARAK-2\",\"positionX\":0,\"positionY\":2,\"a_room\":\"13~undone~1|1~2200|4000~~~~~\",\"b_room\":\"13~undone~1|1~2200|2200~~~~~\",\"c_room\":\"13~undone~1|1~2200|4000~~~~~\",\"d_room\":\"13~undone~1|1~2200|2200~~~~~\",\"k_room\":\"13~undone~1|1~2200|4000~~~~~\",\"l_room\":\"13~undone~1|1~2200|4000~~~~~\"}]'),
(20371, 42, 'b_rooms', ''),
(20372, 42, 'c_rooms', ''),
(20373, 42, 'd_rooms', ''),
(20374, 42, 'e_rooms', ''),
(20375, 42, 'f_rooms', ''),
(20376, 42, 'g_rooms', ''),
(20377, 42, 'h_rooms', ''),
(20378, 42, 'a_rooms_nowork', ''),
(20379, 42, 'b_rooms_nowork', ''),
(20380, 42, 'c_rooms_nowork', ''),
(20381, 42, 'd_rooms_nowork', ''),
(20382, 42, 'e_rooms_nowork', ''),
(20383, 42, 'f_rooms_nowork', ''),
(20384, 42, 'g_rooms_nowork', ''),
(20385, 42, 'h_rooms_nowork', ''),
(20386, 42, 'step', ''),
(20387, 42, 'wall', ''),
(20388, 42, 'room', ''),
(20389, 42, 'settings', ''),
(20390, 42, 'mittapisteet', ''),
(20391, 42, 'aukot', ''),
(20392, 42, 'reijat', ''),
(20393, 42, 'saumat', ''),
(20394, 42, 'levyt', ''),
(20395, 42, 'rangat', ''),
(20396, 42, 'listat', ''),
(20397, 42, 'kokonaisalue', ''),
(20398, 42, 'levytettava_alue', ''),
(20399, 42, 'poisjaava_alue', ''),
(20400, 42, 'keskusmittapiste_cord', ''),
(20401, 42, 'reklamaatiot', ''),
(20402, 42, 'kaupalliset_asiakirjat', ''),
(20403, 42, 'tyomaan_asiakirjat', ''),
(20404, 42, 'arkkitehtisuunnitelmat', ''),
(20405, 42, 'rakennesuunnitelmat', ''),
(20406, 42, 'omat_suunnitelmat', ''),
(20407, 42, 'muut_asiakirjat', ''),
(20408, 43, 'pr_id', '43'),
(20409, 43, 'pr_name', 'trump tpwe 3'),
(20410, 43, 'chosen_jarjestelma', 'Delta'),
(20411, 43, 's_settings', ''),
(20412, 43, 's_materials', ''),
(20413, 43, 'a_rooms', '[{\"name\":\"ARAK-2\",\"positionX\":0,\"positionY\":2,\"a_room\":\"13~undone~1|1~2200|4000~~~~~\",\"b_room\":\"13~undone~1|1~2200|2200~~~~~\",\"c_room\":\"13~undone~1|1~2200|4000~~~~~\",\"d_room\":\"13~undone~1|1~2200|2200~~~~~\",\"k_room\":\"13~undone~1|1~2200|4000~~~~~\",\"l_room\":\"13~undone~1|1~2200|4000~~~~~\"}]'),
(20414, 43, 'b_rooms', ''),
(20415, 43, 'c_rooms', ''),
(20416, 43, 'd_rooms', ''),
(20417, 43, 'e_rooms', ''),
(20418, 43, 'f_rooms', ''),
(20419, 43, 'g_rooms', ''),
(20420, 43, 'h_rooms', ''),
(20421, 43, 'a_rooms_nowork', ''),
(20422, 43, 'b_rooms_nowork', ''),
(20423, 43, 'c_rooms_nowork', ''),
(20424, 43, 'd_rooms_nowork', ''),
(20425, 43, 'e_rooms_nowork', ''),
(20426, 43, 'f_rooms_nowork', ''),
(20427, 43, 'g_rooms_nowork', ''),
(20428, 43, 'h_rooms_nowork', ''),
(20429, 43, 'step', ''),
(20430, 43, 'wall', ''),
(20431, 43, 'room', ''),
(20432, 43, 'settings', ''),
(20433, 43, 'mittapisteet', ''),
(20434, 43, 'aukot', ''),
(20435, 43, 'reijat', ''),
(20436, 43, 'saumat', ''),
(20437, 43, 'levyt', ''),
(20438, 43, 'rangat', ''),
(20439, 43, 'listat', ''),
(20440, 43, 'kokonaisalue', ''),
(20441, 43, 'levytettava_alue', ''),
(20442, 43, 'poisjaava_alue', ''),
(20443, 43, 'keskusmittapiste_cord', ''),
(20444, 43, 'reklamaatiot', ''),
(20445, 43, 'kaupalliset_asiakirjat', ''),
(20446, 43, 'tyomaan_asiakirjat', ''),
(20447, 43, 'arkkitehtisuunnitelmat', ''),
(20448, 43, 'rakennesuunnitelmat', ''),
(20449, 43, 'omat_suunnitelmat', ''),
(20450, 43, 'muut_asiakirjat', ''),
(20451, 44, 'pr_id', '44'),
(20452, 44, 'pr_name', 'trump tower 4'),
(20453, 44, 'chosen_jarjestelma', 'Delta'),
(20454, 44, 's_settings', ''),
(20455, 44, 's_materials', ''),
(20456, 44, 'a_rooms', '[{\"name\":\"ARAK-3\",\"positionX\":0,\"positionY\":4,\"a_room\":\"13~undone~1|1~2200|4000~~~~~\",\"b_room\":\"13~undone~1|1~2200|2200~~~~~\",\"c_room\":\"13~undone~1|1~2200|4000~~~~~\",\"d_room\":\"13~undone~1|1~2200|2200~~~~~\",\"k_room\":\"13~undone~1|1~2200|4000~~~~~\",\"l_room\":\"13~undone~1|1~2200|4000~~~~~\"}]'),
(20457, 44, 'b_rooms', ''),
(20458, 44, 'c_rooms', ''),
(20459, 44, 'd_rooms', ''),
(20460, 44, 'e_rooms', ''),
(20461, 44, 'f_rooms', ''),
(20462, 44, 'g_rooms', ''),
(20463, 44, 'h_rooms', ''),
(20464, 44, 'a_rooms_nowork', ''),
(20465, 44, 'b_rooms_nowork', ''),
(20466, 44, 'c_rooms_nowork', ''),
(20467, 44, 'd_rooms_nowork', ''),
(20468, 44, 'e_rooms_nowork', ''),
(20469, 44, 'f_rooms_nowork', ''),
(20470, 44, 'g_rooms_nowork', ''),
(20471, 44, 'h_rooms_nowork', ''),
(20472, 44, 'step', ''),
(20473, 44, 'wall', ''),
(20474, 44, 'room', ''),
(20475, 44, 'settings', ''),
(20476, 44, 'mittapisteet', ''),
(20477, 44, 'aukot', ''),
(20478, 44, 'reijat', ''),
(20479, 44, 'saumat', ''),
(20480, 44, 'levyt', ''),
(20481, 44, 'rangat', ''),
(20482, 44, 'listat', ''),
(20483, 44, 'kokonaisalue', ''),
(20484, 44, 'levytettava_alue', ''),
(20485, 44, 'poisjaava_alue', ''),
(20486, 44, 'keskusmittapiste_cord', ''),
(20487, 44, 'reklamaatiot', ''),
(20488, 44, 'kaupalliset_asiakirjat', ''),
(20489, 44, 'tyomaan_asiakirjat', ''),
(20490, 44, 'arkkitehtisuunnitelmat', ''),
(20491, 44, 'rakennesuunnitelmat', ''),
(20492, 44, 'omat_suunnitelmat', ''),
(20493, 44, 'muut_asiakirjat', ''),
(20494, 45, 'pr_id', '45'),
(20495, 45, 'pr_name', 'trump tower 4'),
(20496, 45, 'chosen_jarjestelma', 'Delta'),
(20497, 45, 's_settings', ''),
(20498, 45, 's_materials', ''),
(20499, 45, 'a_rooms', '[{\"name\":\"ARAK-3\",\"positionX\":0,\"positionY\":4,\"a_room\":\"13~undone~1|1~2200|4000~~~~~\",\"b_room\":\"13~undone~1|1~2200|2200~~~~~\",\"c_room\":\"13~undone~1|1~2200|4000~~~~~\",\"d_room\":\"13~undone~1|1~2200|2200~~~~~\",\"k_room\":\"13~undone~1|1~2200|4000~~~~~\",\"l_room\":\"13~undone~1|1~2200|4000~~~~~\"}]'),
(20500, 45, 'b_rooms', ''),
(20501, 45, 'c_rooms', ''),
(20502, 45, 'd_rooms', ''),
(20503, 45, 'e_rooms', ''),
(20504, 45, 'f_rooms', ''),
(20505, 45, 'g_rooms', ''),
(20506, 45, 'h_rooms', ''),
(20507, 45, 'a_rooms_nowork', ''),
(20508, 45, 'b_rooms_nowork', ''),
(20509, 45, 'c_rooms_nowork', ''),
(20510, 45, 'd_rooms_nowork', ''),
(20511, 45, 'e_rooms_nowork', ''),
(20512, 45, 'f_rooms_nowork', ''),
(20513, 45, 'g_rooms_nowork', ''),
(20514, 45, 'h_rooms_nowork', ''),
(20515, 45, 'step', ''),
(20516, 45, 'wall', ''),
(20517, 45, 'room', ''),
(20518, 45, 'settings', ''),
(20519, 45, 'mittapisteet', ''),
(20520, 45, 'aukot', ''),
(20521, 45, 'reijat', ''),
(20522, 45, 'saumat', ''),
(20523, 45, 'levyt', ''),
(20524, 45, 'rangat', ''),
(20525, 45, 'listat', ''),
(20526, 45, 'kokonaisalue', ''),
(20527, 45, 'levytettava_alue', ''),
(20528, 45, 'poisjaava_alue', ''),
(20529, 45, 'keskusmittapiste_cord', ''),
(20530, 45, 'reklamaatiot', ''),
(20531, 45, 'kaupalliset_asiakirjat', ''),
(20532, 45, 'tyomaan_asiakirjat', ''),
(20533, 45, 'arkkitehtisuunnitelmat', ''),
(20534, 45, 'rakennesuunnitelmat', ''),
(20535, 45, 'omat_suunnitelmat', ''),
(20536, 45, 'muut_asiakirjat', ''),
(20537, 46, 'pr_id', '46'),
(20538, 46, 'pr_name', 'trump tower 4'),
(20539, 46, 'chosen_jarjestelma', 'Delta'),
(20540, 46, 's_settings', ''),
(20541, 46, 's_materials', ''),
(20542, 46, 'a_rooms', '[{\"name\":\"ARAK-3\",\"positionX\":0,\"positionY\":4,\"a_room\":\"13~undone~1|1~2200|4000~~~~~\",\"b_room\":\"13~undone~1|1~2200|2200~~~~~\",\"c_room\":\"13~undone~1|1~2200|4000~~~~~\",\"d_room\":\"13~undone~1|1~2200|2200~~~~~\",\"k_room\":\"13~undone~1|1~2200|4000~~~~~\",\"l_room\":\"13~undone~1|1~2200|4000~~~~~\"}]'),
(20543, 46, 'b_rooms', ''),
(20544, 46, 'c_rooms', ''),
(20545, 46, 'd_rooms', ''),
(20546, 46, 'e_rooms', ''),
(20547, 46, 'f_rooms', ''),
(20548, 46, 'g_rooms', ''),
(20549, 46, 'h_rooms', ''),
(20550, 46, 'a_rooms_nowork', ''),
(20551, 46, 'b_rooms_nowork', ''),
(20552, 46, 'c_rooms_nowork', ''),
(20553, 46, 'd_rooms_nowork', ''),
(20554, 46, 'e_rooms_nowork', ''),
(20555, 46, 'f_rooms_nowork', ''),
(20556, 46, 'g_rooms_nowork', ''),
(20557, 46, 'h_rooms_nowork', ''),
(20558, 46, 'step', ''),
(20559, 46, 'wall', ''),
(20560, 46, 'room', ''),
(20561, 46, 'settings', ''),
(20562, 46, 'mittapisteet', ''),
(20563, 46, 'aukot', ''),
(20564, 46, 'reijat', ''),
(20565, 46, 'saumat', ''),
(20566, 46, 'levyt', ''),
(20567, 46, 'rangat', ''),
(20568, 46, 'listat', ''),
(20569, 46, 'kokonaisalue', ''),
(20570, 46, 'levytettava_alue', ''),
(20571, 46, 'poisjaava_alue', ''),
(20572, 46, 'keskusmittapiste_cord', ''),
(20573, 46, 'reklamaatiot', ''),
(20574, 46, 'kaupalliset_asiakirjat', ''),
(20575, 46, 'tyomaan_asiakirjat', ''),
(20576, 46, 'arkkitehtisuunnitelmat', ''),
(20577, 46, 'rakennesuunnitelmat', ''),
(20578, 46, 'omat_suunnitelmat', ''),
(20579, 46, 'muut_asiakirjat', ''),
(20580, 47, 'pr_id', '47'),
(20581, 47, 'pr_name', 'trump tower 4'),
(20582, 47, 'chosen_jarjestelma', 'Delta'),
(20583, 47, 's_settings', ''),
(20584, 47, 's_materials', ''),
(20585, 47, 'a_rooms', '[{\"name\":\"ARAK-3\",\"positionX\":0,\"positionY\":4,\"a_room\":\"13~undone~1|1~2200|4000~~~~~\",\"b_room\":\"13~undone~1|1~2200|2200~~~~~\",\"c_room\":\"13~undone~1|1~2200|4000~~~~~\",\"d_room\":\"13~undone~1|1~2200|2200~~~~~\",\"k_room\":\"13~undone~1|1~2200|4000~~~~~\",\"l_room\":\"13~undone~1|1~2200|4000~~~~~\"}]'),
(20586, 47, 'b_rooms', ''),
(20587, 47, 'c_rooms', ''),
(20588, 47, 'd_rooms', ''),
(20589, 47, 'e_rooms', ''),
(20590, 47, 'f_rooms', ''),
(20591, 47, 'g_rooms', ''),
(20592, 47, 'h_rooms', ''),
(20593, 47, 'a_rooms_nowork', ''),
(20594, 47, 'b_rooms_nowork', ''),
(20595, 47, 'c_rooms_nowork', ''),
(20596, 47, 'd_rooms_nowork', ''),
(20597, 47, 'e_rooms_nowork', ''),
(20598, 47, 'f_rooms_nowork', ''),
(20599, 47, 'g_rooms_nowork', ''),
(20600, 47, 'h_rooms_nowork', ''),
(20601, 47, 'step', ''),
(20602, 47, 'wall', ''),
(20603, 47, 'room', ''),
(20604, 47, 'settings', ''),
(20605, 47, 'mittapisteet', ''),
(20606, 47, 'aukot', ''),
(20607, 47, 'reijat', ''),
(20608, 47, 'saumat', ''),
(20609, 47, 'levyt', ''),
(20610, 47, 'rangat', ''),
(20611, 47, 'listat', ''),
(20612, 47, 'kokonaisalue', ''),
(20613, 47, 'levytettava_alue', ''),
(20614, 47, 'poisjaava_alue', ''),
(20615, 47, 'keskusmittapiste_cord', ''),
(20616, 47, 'reklamaatiot', ''),
(20617, 47, 'kaupalliset_asiakirjat', ''),
(20618, 47, 'tyomaan_asiakirjat', ''),
(20619, 47, 'arkkitehtisuunnitelmat', ''),
(20620, 47, 'rakennesuunnitelmat', ''),
(20621, 47, 'omat_suunnitelmat', ''),
(20622, 47, 'muut_asiakirjat', ''),
(20623, 48, 'pr_id', '48'),
(20624, 48, 'pr_name', 'trump tower 4'),
(20625, 48, 'chosen_jarjestelma', 'Delta'),
(20626, 48, 's_settings', ''),
(20627, 48, 's_materials', ''),
(20628, 48, 'a_rooms', '[{\"name\":\"ARAK-4\",\"positionX\":0,\"positionY\":6,\"a_room\":\"13~undone~1|1~2200|4000~~~~~\",\"b_room\":\"13~undone~1|1~2200|2200~~~~~\",\"c_room\":\"13~undone~1|1~2200|4000~~~~~\",\"d_room\":\"13~undone~1|1~2200|2200~~~~~\",\"k_room\":\"13~undone~1|1~2200|4000~~~~~\",\"l_room\":\"13~undone~1|1~2200|4000~~~~~\"}]'),
(20629, 48, 'b_rooms', ''),
(20630, 48, 'c_rooms', ''),
(20631, 48, 'd_rooms', ''),
(20632, 48, 'e_rooms', ''),
(20633, 48, 'f_rooms', ''),
(20634, 48, 'g_rooms', ''),
(20635, 48, 'h_rooms', ''),
(20636, 48, 'a_rooms_nowork', ''),
(20637, 48, 'b_rooms_nowork', ''),
(20638, 48, 'c_rooms_nowork', ''),
(20639, 48, 'd_rooms_nowork', ''),
(20640, 48, 'e_rooms_nowork', ''),
(20641, 48, 'f_rooms_nowork', ''),
(20642, 48, 'g_rooms_nowork', ''),
(20643, 48, 'h_rooms_nowork', ''),
(20644, 48, 'step', ''),
(20645, 48, 'wall', ''),
(20646, 48, 'room', ''),
(20647, 48, 'settings', ''),
(20648, 48, 'mittapisteet', ''),
(20649, 48, 'aukot', ''),
(20650, 48, 'reijat', ''),
(20651, 48, 'saumat', ''),
(20652, 48, 'levyt', ''),
(20653, 48, 'rangat', ''),
(20654, 48, 'listat', ''),
(20655, 48, 'kokonaisalue', ''),
(20656, 48, 'levytettava_alue', ''),
(20657, 48, 'poisjaava_alue', ''),
(20658, 48, 'keskusmittapiste_cord', ''),
(20659, 48, 'reklamaatiot', ''),
(20660, 48, 'kaupalliset_asiakirjat', ''),
(20661, 48, 'tyomaan_asiakirjat', ''),
(20662, 48, 'arkkitehtisuunnitelmat', ''),
(20663, 48, 'rakennesuunnitelmat', ''),
(20664, 48, 'omat_suunnitelmat', ''),
(20665, 48, 'muut_asiakirjat', ''),
(20666, 49, 'pr_id', '49'),
(20667, 49, 'pr_name', 'trump tower 4'),
(20668, 49, 'chosen_jarjestelma', 'Delta'),
(20669, 49, 's_settings', ''),
(20670, 49, 's_materials', ''),
(20671, 49, 'a_rooms', '[{\"name\":\"ARAK-4\",\"positionX\":0,\"positionY\":6,\"a_room\":\"13~undone~1|1~2200|4000~~~~~\",\"b_room\":\"13~undone~1|1~2200|2200~~~~~\",\"c_room\":\"13~undone~1|1~2200|4000~~~~~\",\"d_room\":\"13~undone~1|1~2200|2200~~~~~\",\"k_room\":\"13~undone~1|1~2200|4000~~~~~\",\"l_room\":\"13~undone~1|1~2200|4000~~~~~\"}]'),
(20672, 49, 'b_rooms', ''),
(20673, 49, 'c_rooms', ''),
(20674, 49, 'd_rooms', ''),
(20675, 49, 'e_rooms', ''),
(20676, 49, 'f_rooms', ''),
(20677, 49, 'g_rooms', ''),
(20678, 49, 'h_rooms', ''),
(20679, 49, 'a_rooms_nowork', ''),
(20680, 49, 'b_rooms_nowork', ''),
(20681, 49, 'c_rooms_nowork', ''),
(20682, 49, 'd_rooms_nowork', ''),
(20683, 49, 'e_rooms_nowork', ''),
(20684, 49, 'f_rooms_nowork', ''),
(20685, 49, 'g_rooms_nowork', ''),
(20686, 49, 'h_rooms_nowork', ''),
(20687, 49, 'step', ''),
(20688, 49, 'wall', ''),
(20689, 49, 'room', ''),
(20690, 49, 'settings', ''),
(20691, 49, 'mittapisteet', ''),
(20692, 49, 'aukot', ''),
(20693, 49, 'reijat', ''),
(20694, 49, 'saumat', ''),
(20695, 49, 'levyt', ''),
(20696, 49, 'rangat', ''),
(20697, 49, 'listat', ''),
(20698, 49, 'kokonaisalue', ''),
(20699, 49, 'levytettava_alue', ''),
(20700, 49, 'poisjaava_alue', ''),
(20701, 49, 'keskusmittapiste_cord', ''),
(20702, 49, 'reklamaatiot', ''),
(20703, 49, 'kaupalliset_asiakirjat', ''),
(20704, 49, 'tyomaan_asiakirjat', ''),
(20705, 49, 'arkkitehtisuunnitelmat', ''),
(20706, 49, 'rakennesuunnitelmat', ''),
(20707, 49, 'omat_suunnitelmat', ''),
(20708, 49, 'muut_asiakirjat', ''),
(20709, 50, 'pr_id', '50'),
(20710, 50, 'pr_name', 'trump tower 4'),
(20711, 50, 'chosen_jarjestelma', 'Delta'),
(20712, 50, 's_settings', ''),
(20713, 50, 's_materials', ''),
(20714, 50, 'a_rooms', '[{\"name\":\"ARAK-4\",\"positionX\":0,\"positionY\":6,\"a_room\":\"13~undone~1|1~2200|4000~~~~~\",\"b_room\":\"13~undone~1|1~2200|2200~~~~~\",\"c_room\":\"13~undone~1|1~2200|4000~~~~~\",\"d_room\":\"13~undone~1|1~2200|2200~~~~~\",\"k_room\":\"13~undone~1|1~2200|4000~~~~~\",\"l_room\":\"13~undone~1|1~2200|4000~~~~~\"}]'),
(20715, 50, 'b_rooms', ''),
(20716, 50, 'c_rooms', ''),
(20717, 50, 'd_rooms', ''),
(20718, 50, 'e_rooms', ''),
(20719, 50, 'f_rooms', ''),
(20720, 50, 'g_rooms', ''),
(20721, 50, 'h_rooms', ''),
(20722, 50, 'a_rooms_nowork', ''),
(20723, 50, 'b_rooms_nowork', ''),
(20724, 50, 'c_rooms_nowork', ''),
(20725, 50, 'd_rooms_nowork', ''),
(20726, 50, 'e_rooms_nowork', ''),
(20727, 50, 'f_rooms_nowork', ''),
(20728, 50, 'g_rooms_nowork', ''),
(20729, 50, 'h_rooms_nowork', ''),
(20730, 50, 'step', ''),
(20731, 50, 'wall', ''),
(20732, 50, 'room', ''),
(20733, 50, 'settings', ''),
(20734, 50, 'mittapisteet', ''),
(20735, 50, 'aukot', ''),
(20736, 50, 'reijat', ''),
(20737, 50, 'saumat', ''),
(20738, 50, 'levyt', ''),
(20739, 50, 'rangat', ''),
(20740, 50, 'listat', ''),
(20741, 50, 'kokonaisalue', ''),
(20742, 50, 'levytettava_alue', ''),
(20743, 50, 'poisjaava_alue', ''),
(20744, 50, 'keskusmittapiste_cord', ''),
(20745, 50, 'reklamaatiot', ''),
(20746, 50, 'kaupalliset_asiakirjat', ''),
(20747, 50, 'tyomaan_asiakirjat', ''),
(20748, 50, 'arkkitehtisuunnitelmat', ''),
(20749, 50, 'rakennesuunnitelmat', ''),
(20750, 50, 'omat_suunnitelmat', ''),
(20751, 50, 'muut_asiakirjat', ''),
(20752, 51, 'pr_id', '51'),
(20753, 51, 'pr_name', 'trump tower 4'),
(20754, 51, 'chosen_jarjestelma', 'Delta'),
(20755, 51, 's_settings', ''),
(20756, 51, 's_materials', ''),
(20757, 51, 'a_rooms', '[{\"name\":\"ARAK-4\",\"positionX\":0,\"positionY\":6,\"a_room\":\"13~undone~1|1~2200|4000~~~~~\",\"b_room\":\"13~undone~1|1~2200|2200~~~~~\",\"c_room\":\"13~undone~1|1~2200|4000~~~~~\",\"d_room\":\"13~undone~1|1~2200|2200~~~~~\",\"k_room\":\"13~undone~1|1~2200|4000~~~~~\",\"l_room\":\"13~undone~1|1~2200|4000~~~~~\"}]'),
(20758, 51, 'b_rooms', ''),
(20759, 51, 'c_rooms', ''),
(20760, 51, 'd_rooms', ''),
(20761, 51, 'e_rooms', ''),
(20762, 51, 'f_rooms', ''),
(20763, 51, 'g_rooms', ''),
(20764, 51, 'h_rooms', ''),
(20765, 51, 'a_rooms_nowork', ''),
(20766, 51, 'b_rooms_nowork', ''),
(20767, 51, 'c_rooms_nowork', ''),
(20768, 51, 'd_rooms_nowork', ''),
(20769, 51, 'e_rooms_nowork', ''),
(20770, 51, 'f_rooms_nowork', ''),
(20771, 51, 'g_rooms_nowork', ''),
(20772, 51, 'h_rooms_nowork', ''),
(20773, 51, 'step', ''),
(20774, 51, 'wall', ''),
(20775, 51, 'room', ''),
(20776, 51, 'settings', ''),
(20777, 51, 'mittapisteet', ''),
(20778, 51, 'aukot', ''),
(20779, 51, 'reijat', ''),
(20780, 51, 'saumat', ''),
(20781, 51, 'levyt', ''),
(20782, 51, 'rangat', ''),
(20783, 51, 'listat', ''),
(20784, 51, 'kokonaisalue', ''),
(20785, 51, 'levytettava_alue', ''),
(20786, 51, 'poisjaava_alue', ''),
(20787, 51, 'keskusmittapiste_cord', ''),
(20788, 51, 'reklamaatiot', ''),
(20789, 51, 'kaupalliset_asiakirjat', ''),
(20790, 51, 'tyomaan_asiakirjat', ''),
(20791, 51, 'arkkitehtisuunnitelmat', ''),
(20792, 51, 'rakennesuunnitelmat', ''),
(20793, 51, 'omat_suunnitelmat', ''),
(20794, 51, 'muut_asiakirjat', '');

-- --------------------------------------------------------

--
-- Table structure for table `projects`
--

CREATE TABLE `projects` (
  `id` int NOT NULL,
  `title` varchar(300) CHARACTER SET latin1 COLLATE latin1_swedish_ci DEFAULT NULL,
  `created_at` date DEFAULT NULL,
  `link` text CHARACTER SET latin1 COLLATE latin1_swedish_ci NOT NULL,
  `project_type` varchar(300) CHARACTER SET utf8mb3 COLLATE utf8mb3_swedish_ci DEFAULT NULL,
  `user` text CHARACTER SET latin1 COLLATE latin1_swedish_ci
) ENGINE=InnoDB DEFAULT CHARSET=utf8mb3 COLLATE=utf8mb3_swedish_ci;

--
-- Dumping data for table `projects`
--

INSERT INTO `projects` (`id`, `title`, `created_at`, `link`, `project_type`, `user`) VALUES
(30, 'Palsbo L11', '2023-10-31', '', '', 'Sampsa Jyrkynen'),
(31, 'trump tpwe 3', '2023-11-07', '', '', ''),
(32, 'trump tpwe 3', '2023-11-07', '', '', ''),
(33, 'trump tpwe 3', '2023-11-07', '', '', ''),
(34, 'trump tpwe 3', '2023-11-07', '', '', ''),
(35, 'trump tpwe 3', '2023-11-07', '', '', ''),
(36, 'trump tpwe 3', '2023-11-07', '', '', ''),
(37, 'trump tpwe 3', '2023-11-07', '', '', ''),
(38, 'trump tpwe 3', '2023-11-07', '', '', ''),
(39, 'trump tpwe 3', '2023-11-07', '', '', ''),
(40, 'trump tpwe 3', '2023-11-07', '', '', ''),
(41, 'trump tpwe 3', '2023-11-07', '', '', ''),
(42, 'trump tpwe 3', '2023-11-07', '', '', ''),
(43, 'trump tpwe 3', '2023-11-07', '', '', ''),
(44, 'trump tower 4', '2023-11-07', '', '', ''),
(45, 'trump tower 4', '2023-11-07', '', '', ''),
(46, 'trump tower 4', '2023-11-07', '', '', ''),
(47, 'trump tower 4', '2023-11-07', '', '', ''),
(48, 'trump tower 4', '2023-11-07', '', '', ''),
(49, 'trump tower 4', '2023-11-07', '', '', ''),
(50, 'trump tower 4', '2023-11-07', '', '', ''),
(51, 'trump tower 4', '2023-11-07', '', '', '');

-- --------------------------------------------------------

--
-- Table structure for table `roomwalls`
--

CREATE TABLE `roomwalls` (
  `id` int NOT NULL,
  `project_id` int NOT NULL,
  `arak` varchar(255) CHARACTER SET utf8mb4 COLLATE utf8mb4_unicode_ci NOT NULL,
  `wall` varchar(1) CHARACTER SET utf8mb4 COLLATE utf8mb4_unicode_ci DEFAULT NULL,
  `asjarj` varchar(255) CHARACTER SET utf8mb4 COLLATE utf8mb4_unicode_ci DEFAULT NULL,
  `name` varchar(255) CHARACTER SET utf8mb4 COLLATE utf8mb4_unicode_ci DEFAULT NULL,
  `description` varchar(255) CHARACTER SET utf8mb4 COLLATE utf8mb4_unicode_ci DEFAULT '',
  `hidden` tinyint(1) DEFAULT '0'
) ENGINE=InnoDB DEFAULT CHARSET=utf8mb4 COLLATE=utf8mb4_unicode_ci;

-- --------------------------------------------------------

--
-- Table structure for table `shoppinglist`
--

CREATE TABLE `shoppinglist` (
  `identification` int NOT NULL,
  `id` varchar(255) NOT NULL,
  `projectid` varchar(255) NOT NULL,
  `room` varchar(255) NOT NULL,
  `item` varchar(255) NOT NULL,
  `kpl` varchar(255) NOT NULL,
  `shop` varchar(255) NOT NULL,
  `purpose` varchar(255) NOT NULL,
  `start` varchar(255) NOT NULL,
  `status` varchar(255) NOT NULL,
  `deadline` varchar(255) NOT NULL,
  `attachments` varchar(255) NOT NULL,
  `hinta` varchar(255) NOT NULL,
  `pituus` varchar(255) NOT NULL,
  `userfrom` varchar(255) NOT NULL,
  `noutaja` varchar(255) NOT NULL,
  `laskutettu` varchar(255) NOT NULL
) ENGINE=InnoDB DEFAULT CHARSET=utf8mb4 COLLATE=utf8mb4_0900_ai_ci;

--
-- Dumping data for table `shoppinglist`
--

INSERT INTO `shoppinglist` (`identification`, `id`, `projectid`, `room`, `item`, `kpl`, `shop`, `purpose`, `start`, `status`, `deadline`, `attachments`, `hinta`, `pituus`, `userfrom`, `noutaja`, `laskutettu`) VALUES
(108, '', '', '', '', '', '', '', '2023-10-04 16:03:50', '', '', '', '', '', '', '', 'EI'),
(109, '', '', '', '', '', '', '', '2023-10-04 16:05:14', '', '', '', '', '', '', '', 'EI');

-- --------------------------------------------------------

--
-- Table structure for table `users`
--

CREATE TABLE `users` (
  `id` int NOT NULL,
  `username` varchar(50) NOT NULL,
  `password` varchar(255) NOT NULL,
  `role` varchar(255) DEFAULT NULL,
  `permissionrank` varchar(1) NOT NULL DEFAULT '0',
  `visible_forall` varchar(1) NOT NULL DEFAULT '0',
  `phone` varchar(255) DEFAULT NULL,
  `email` varchar(255) DEFAULT NULL,
  `company` varchar(255) CHARACTER SET utf8mb4 COLLATE utf8mb4_general_ci DEFAULT NULL,
  `created_at` datetime DEFAULT CURRENT_TIMESTAMP
) ENGINE=InnoDB DEFAULT CHARSET=latin1;

--
-- Dumping data for table `users`
--

INSERT INTO `users` (`id`, `username`, `password`, `role`, `permissionrank`, `visible_forall`, `phone`, `email`, `company`, `created_at`) VALUES
(2, 'Jyri IT-velho', '$2y$10$SGyk40ELdJrak44ZKPqgNOrSklCBEpspTQk.wUQjkgeemBYiO8.jG', 'mittaus', '1', '0', '0', 'editori@westface.fi', '', '2022-01-26 15:22:02'),
(57, 'Marko Virtanen', '$2y$10$Rd8g1pjlVXg/lPUKBSw/B.jFHu6y6sslzdCWoAxgvvHdxHDHkbTL2', 'kommentointi', '1', '', '', 'marko.virtanen@kiipeilytekniikka.com', '', '2023-10-31 20:26:48'),
(58, 'Sampsa Jyrkynen', '$2y$10$.HA8OK3LORJUzzqf4UDbNOz5qoef8kAF5CuTYHB4XIRoxWPvzepV2', 'saaja', '1', '', '', 'sampsa.jyrkynen@kiipeilytekniikka.com', '', '2023-10-31 20:26:48'),
(59, 'Severi Lainevuo', '$2y$10$jQhtpM2R3vabnI.GqvSJ6uJcuZ1jiYk6WNehQklJUmoXDFrn9wdai', 'mittaus', '1', '', '', 'severi.lainevuo@westface.fi', '', '2023-10-31 20:26:48'),
(60, 'Jari Rannanjarvi', '$2y$10$NOB48n0JyLiRgg/9FQwxEumY2ovidxjYzvyMWSa8rikXFF.4qyDoe', 'mittaus', '1', '', '', 'jari.rannanjarvi@kiipeilytekniikka.com', '', '2023-10-31 20:26:49'),
(61, 'Timo Koskinen', '$2y$10$hDVPsnr1eAPpVl6trxYZJuOkS2d16DGHkj2hjx/5Uh5rPjLklV5iq', 'kommentointi', '1', '', '', 'timo.koskinen@msn.com', '', '2023-10-31 20:26:49'),
(62, 'Denis Khasanov', '$2y$10$QTA7Iq81FhGZLbURret3De7Ziu4.89J5eYpvIQ5ssgKLP9yScw2WO', 'kommentointi', '1', '', '', 'shinexo1@mail.ru', '', '2023-10-31 20:26:49'),
(63, 'Jarno Himmela', '$2y$10$/CJC/JMtWHN5MeMcLRK9FeKKmrd7qcSULKxBmw3NDghcwty0HLosK', 'kommentointi', '', '', '', 'himmi00@icloud.com', '', '2023-10-31 20:26:49'),
(64, 'Henri Luostarinen', '$2y$10$9YDDCSifUiDWv72QKDMYmekx0DuMKsi6OSqF9bupjdKVgovMIITNu', 'kommentointi', '', '', '', 'henri.luostarinen@kiipeilytekniikka.com', '', '2023-10-31 20:26:49'),
(65, 'tyonjohto', '$2y$10$AaelWgY2HfP4R0wGeqZRB.4rgLs05LVWZE.fGkvMO4Wmuto.L.2bS', 'kommentointi', '1', '1', '0449782028', 'editori@westface.fi', 'SKT', '2023-10-09 10:10:53'),
(67, 'asentaja1', '', 'kommentointi', '1', '1', '0', 'laita@sahkoposti.fi', '', '2023-11-01 16:47:01'),
(68, 'asentaja2', '', 'kommentointi', '1', '1', '0', 'laita@sahkoposti.fi', '', '2023-11-01 16:47:12'),
(69, 'rakennustyo1', '', 'saaja', '1', '1', '0', 'laita@sahkoposti.fi', '', '2023-11-01 16:47:37'),
(70, 'rakennustyo2', '', 'kommentointi', '1', '1', '0', 'laita@sahkoposti.fi', '', '2023-11-01 16:47:49'),
(71, 'Jyri Testaus', '$2y$10$1CnV2j0cloRtA/ury.9h4euqIp8ZsXqqb5tApfpn2YB7yK5jKsLiO', 'saaja', '', '', '', 'jyri@gromi.fi', '', '2023-11-02 19:08:01'),
(72, 'admin', '$2y$10$jhQa4NC5cZk.wkK53PnureUqQuinR8If3W8V1HghBFs8Aou3.Zuxq', 'admin', '1', '1', '12345678', 'jyri@gromi.fi', 'SKT', '2023-11-06 15:12:57');

--
-- Indexes for dumped tables
--

--
-- Indexes for table `addedusers`
--
ALTER TABLE `addedusers`
  ADD PRIMARY KEY (`project_id`,`username`) USING BTREE;

--
-- Indexes for table `changed__comments_interactive`
--
ALTER TABLE `changed__comments_interactive`
  ADD PRIMARY KEY (`commentid`);

--
-- Indexes for table `comments`
--
ALTER TABLE `comments`
  ADD PRIMARY KEY (`id`);

--
-- Indexes for table `kumoalog`
--
ALTER TABLE `kumoalog`
  ADD PRIMARY KEY (`id`);

--
-- Indexes for table `mail_templates`
--
ALTER TABLE `mail_templates`
  ADD PRIMARY KEY (`id`);

--
-- Indexes for table `message_templates`
--
ALTER TABLE `message_templates`
  ADD PRIMARY KEY (`id`);

--
-- Indexes for table `pohjat`
--
ALTER TABLE `pohjat`
  ADD PRIMARY KEY (`id`);

--
-- Indexes for table `projectmeta`
--
ALTER TABLE `projectmeta`
  ADD PRIMARY KEY (`meta_id`);

--
-- Indexes for table `projects`
--
ALTER TABLE `projects`
  ADD PRIMARY KEY (`id`);

--
-- Indexes for table `roomwalls`
--
ALTER TABLE `roomwalls`
  ADD PRIMARY KEY (`id`);

--
-- Indexes for table `shoppinglist`
--
ALTER TABLE `shoppinglist`
  ADD PRIMARY KEY (`identification`);

--
-- Indexes for table `users`
--
ALTER TABLE `users`
  ADD PRIMARY KEY (`id`),
  ADD UNIQUE KEY `username` (`username`);

--
-- AUTO_INCREMENT for dumped tables
--

--
-- AUTO_INCREMENT for table `kumoalog`
--
ALTER TABLE `kumoalog`
  MODIFY `id` int NOT NULL AUTO_INCREMENT, AUTO_INCREMENT=2;

--
-- AUTO_INCREMENT for table `mail_templates`
--
ALTER TABLE `mail_templates`
  MODIFY `id` int NOT NULL AUTO_INCREMENT, AUTO_INCREMENT=12;

--
-- AUTO_INCREMENT for table `message_templates`
--
ALTER TABLE `message_templates`
  MODIFY `id` int NOT NULL AUTO_INCREMENT, AUTO_INCREMENT=4;

--
-- AUTO_INCREMENT for table `pohjat`
--
ALTER TABLE `pohjat`
  MODIFY `id` int NOT NULL AUTO_INCREMENT, AUTO_INCREMENT=10;

--
-- AUTO_INCREMENT for table `projectmeta`
--
ALTER TABLE `projectmeta`
  MODIFY `meta_id` int NOT NULL AUTO_INCREMENT, AUTO_INCREMENT=20795;

--
-- AUTO_INCREMENT for table `projects`
--
ALTER TABLE `projects`
  MODIFY `id` int NOT NULL AUTO_INCREMENT, AUTO_INCREMENT=52;

--
-- AUTO_INCREMENT for table `roomwalls`
--
ALTER TABLE `roomwalls`
  MODIFY `id` int NOT NULL AUTO_INCREMENT, AUTO_INCREMENT=52;

--
-- AUTO_INCREMENT for table `shoppinglist`
--
ALTER TABLE `shoppinglist`
  MODIFY `identification` int NOT NULL AUTO_INCREMENT, AUTO_INCREMENT=115;

--
-- AUTO_INCREMENT for table `users`
--
ALTER TABLE `users`
  MODIFY `id` int NOT NULL AUTO_INCREMENT, AUTO_INCREMENT=73;
COMMIT;

/*!40101 SET CHARACTER_SET_CLIENT=@OLD_CHARACTER_SET_CLIENT */;
/*!40101 SET CHARACTER_SET_RESULTS=@OLD_CHARACTER_SET_RESULTS */;
/*!40101 SET COLLATION_CONNECTION=@OLD_COLLATION_CONNECTION */;
